nimi,reg_kood,aadress,omavalitsus,maakond,telefon,direktor_telefon,email,direktor_email,veebileht,lat,lon,allikas,markus
Abja Lasteaed,,,,,,,,,,58.1277557,25.3489867,OpenStreetMap,
Aegviidu Mesitaru Lasteaed,,,,,,,,,http://www.aegviidulasteaed.ee/,59.2862637,25.617975,OpenStreetMap,
Ahja lasteaed,,,,,,,,,,58.2065278,27.0722819,OpenStreetMap,
Ala põhikooli lasteaed,,,,,,,,,,58.012522,25.6951469,OpenStreetMap,
Alasniidu Lasteaed,,,,,,,,,,59.4165022,24.5820685,OpenStreetMap,
Alatskivi Lasteaed,,,,,,,,,,58.5982151,27.1347927,OpenStreetMap,
Alu Kooli lasteaed,,,,,,,,,,59.0252099,24.763186,OpenStreetMap,
Anija Valla Lasteaiad - Lastetare maja,,,,,,,,,,59.3341508,25.3293537,OpenStreetMap,
Anija Valla Lasteaiad - Lepatriinu maja,,,,,,,,,,59.325772,25.3395181,OpenStreetMap,
Anija Valla Lasteaiad - Mõmmila maja,,,,,,,,,,59.2466896,25.3286594,OpenStreetMap,
Anna Haava nimelise Pala Kooli lasteaed,,,,,,,,,,58.6701521,27.0205578,OpenStreetMap,
Anni Lasteaed,,,,,,,,,,58.3568729,26.6980342,OpenStreetMap,
Aravete lasteaed Mesimumm,,,,,,,,,,59.144352,25.7551638,OpenStreetMap,
Aruheina Lasteaed,,,,,,,,,,59.4012081,24.8081112,OpenStreetMap,
"Aruküla Lasteaed ""Rukkilill""",,"staadioni, 6",,,,,,,https://aedrukkilill.eu/,59.3643817,25.078753,OpenStreetMap,
Aserbaidžaani Lasteaed Fidan,,,,,,,,,,59.4382991,24.8463535,OpenStreetMap,
Assaku Lasteaed,,,,,,,,,,59.374375,24.8566937,OpenStreetMap,
"Aste Lasteaed ""Mõmmik""",,,,,,,,,https://astelasteaed.saaremaavald.ee/,58.3439977,22.4449116,OpenStreetMap,
Avinurme Lasteaed Naerulind,,,,,,,,,https://avinurmelasteaed.weebly.com/,58.9842952,26.8695356,OpenStreetMap,
C. R. Jakobsoni nim Torma Põhikooli lasteaed,,,,,,,,,,58.8190627,26.7375728,OpenStreetMap,
Eesti Rahvusvaheline Eelkool,,,,,,,,,,59.4275631,24.7627436,OpenStreetMap,
Elva Järve Lasteaed,,,,,,,,,,58.2285981,26.4035928,OpenStreetMap,
Elva Lasteaed Murumuna,,,,,,,,,,58.222127,26.4166741,OpenStreetMap,
Elva Lasteaed Õnneseen,,,,,,,,,,58.2311611,26.4097059,OpenStreetMap,
Elva Lasteaed Õnneseen - Elva maja,,,,,,,,,,58.2311122,26.4098198,OpenStreetMap,
Elva Lasteaed Õnneseen - Peedu majad,,,,,,,,,,58.2355135,26.4478916,OpenStreetMap,
Emmaste Lasteaed Naksitrallid,,,,,,,,,,58.7051547,22.5998976,OpenStreetMap,
Eralasteaed Aarete saar,12102674,,,,,,,,https://www.tela.ee,59.4263999,24.6278324,OpenStreetMap + teatmik.haridus.ee,teatmik_id=100
Eralasteaed Adelion,11445432,,,,,,,,https://www.adelionkids.ee,59.480244,24.8837318,OpenStreetMap + teatmik.haridus.ee,teatmik_id=189
Eralasteaed Kalli-kalli,11428190,,,,,,,,https://www.kalli.ee,59.4223578,24.798633,OpenStreetMap + teatmik.haridus.ee,teatmik_id=194
Eralasteaed Kaur,,,,,,,,,,59.3502182,26.3632973,OpenStreetMap,
Eralasteaed Kõige Suurem Sõber,,,,,,,,,,58.2440287,22.4881838,OpenStreetMap,
Eralasteaed Lillelapsed,,,,,,,,,,59.5126604,24.8225808,OpenStreetMap,
Eralasteaed Mesimumm,,,,,,,,,,59.3966287,27.2962135,OpenStreetMap,
Eralasteaed Naba,,,,,,,,,,59.4694396,24.8417631,OpenStreetMap,
Eralasteaed Pääsupoeg 1,,,,,,,,,,59.5373852,24.7953485,OpenStreetMap,
Eralasteaed Pääsupoeg 2,,,,,,,,,,59.5053634,24.8617413,OpenStreetMap,
Eralasteaed Rüblik,,,,,,,,,,58.3520879,26.7252969,OpenStreetMap,
Haanja kooli lasteaed,,,,,,,,,,57.721882,27.0505332,OpenStreetMap,
Haapsalu Lasteaed Pääsupesa,,,,,,,,,,58.9429406,23.5439342,OpenStreetMap,
Haapsalu Lasteaed Tareke,,,,,,,,,,58.9435046,23.5459017,OpenStreetMap,
Haapsalu Lasteaed Vikerkaar,,,,,,,,,,58.9360214,23.543435,OpenStreetMap,
Haapsalu Vanalinna Lasteaiad - Tõrukese maja,,,,,,,,,,58.9479374,23.5341906,OpenStreetMap,
Haljala Lasteaed Pesapuu,,,,,,,,,,59.4327188,26.2699707,OpenStreetMap,
Halliste Lasteaed Pääsuke,,,,,,,,,,58.1543558,25.4368432,OpenStreetMap,
Hargla kooli lasteaed,,,,,,,,,,57.6147554,26.415496,OpenStreetMap,
Harku Lasteaed,,,,,,,,,,59.3882778,24.5803644,OpenStreetMap,
Harkujärve lasteaed,,,,,,,,,,59.4152339,24.6032678,OpenStreetMap,
Harkujärve lasteaed - Järvekalda maja,,,,,,,,,,59.4128401,24.6035467,OpenStreetMap,
Heimtali Lasteaed,,,,,,,,,,58.3231873,25.5033593,OpenStreetMap,
Holstre lasteaed Mõmmik,,,,,,,,,,58.2758336,25.6930686,OpenStreetMap,
Illuka Kooli lasteaed,,,,,,,,,,59.2359821,27.495264,OpenStreetMap,
Ilmapuu Waldorflasteaed,,,,,,,,,,59.4497348,24.6916863,OpenStreetMap,
Järvakandi Lasteaed Pesamuna,,,,,,,,,,58.7751899,24.8152107,OpenStreetMap,
Jõgeva Lasteaed “Karikakar”,,,,,,,,,,58.7425456,26.3734223,OpenStreetMap,
Jõgeva Lasteaed “Rohutirts”,,,,,,,,,,58.748622,26.3921835,OpenStreetMap,
Jõõpre Kooli Aruvälja Lasteaed,,,,,,,,,,58.476508,24.1830286,OpenStreetMap,
Jõõpre Kooli Jõõpre lasteaed Jõmmu,,,,,,,,,,58.4757403,24.3293682,OpenStreetMap,
Jõõpre Kooli Lavassaare Lasteaed,,,,,,,,,,58.5129972,24.3720809,OpenStreetMap,
Kabala Lasteaed-Põhikool - Kabala kooli lasteaed,,,,,,,,,,58.9227323,24.6525437,OpenStreetMap,
Kabala lasteaed-põhikool - Lipa lasteaed,,,,,,,,,,58.905756,24.7125889,OpenStreetMap,
Kabala lasteaed-põhikool -Purku lasteaed,,,,,,,,,,58.8807046,24.7773169,OpenStreetMap,
Kabli Lasteaed,,,,,,,,,,57.9042146,24.3770271,OpenStreetMap,
Kadrina Lasteaed Sipsik,,,,,,,,,https://sipsik.kadrina.ee/,59.3405452,26.1353059,OpenStreetMap,
Kaiu lasteaed Triinutare,,,,,,,,,,59.0134545,25.0510809,OpenStreetMap,
"Kambja Lasteaed ""Mesimumm""",,,,,,,,,https://lasteaed.kambja.edu.ee,58.2350711,26.6989371,OpenStreetMap,
Kanepi Lasteaed,,,,,,,,,,57.9876059,26.7566119,OpenStreetMap,
Karksi-Nuia Lasteaed,,,,,,,,,,58.1016122,25.554258,OpenStreetMap,
Kasti Lasteaed Karikakar,,,,,,,,,,58.8695362,24.5339059,OpenStreetMap,
Kasti-Orgita Lasteaed,,,,,,,direktor@kastiorgita.ee,,,58.9196966,24.4441447,OpenStreetMap,
Kehtna Lasteaed Siller,,,,,,,,,,58.9254398,24.8734694,OpenStreetMap,
Keila Lasteaed Miki,,"Jaama, 10",,,,,,,,59.3082825,24.4159278,OpenStreetMap,
Keila Lasteaed Vikerkaar -,,,,,,,,,,59.312406,24.4228579,OpenStreetMap,
Keila Lasteaed Vikerkaar - Sipsiku maja,,,,,,,,,,59.3092892,24.4259206,OpenStreetMap,
Kelvingi Lasteaed,,,,,,,,,https://www.kelvingilasteaed.ee/,59.5466504,24.8401736,OpenStreetMap,
Kergu lasteaed-algkool,,,,,,,,,,58.6803673,24.7612715,OpenStreetMap,
Kesklinna Eralasteaed Naerusuu / Luce Kool,,,,,,,,,,58.2531657,22.4886697,OpenStreetMap,
Kihelkonna kooli lasteaed,,,,,,,,,https://www.kih.edu.ee,58.3620016,22.029591,OpenStreetMap,
Kihnu kooli lasteaed,,,,,,,,,,58.1330541,23.9819818,OpenStreetMap,
Kiili lasteaed,,,,,,,,,,59.3025791,24.8361474,OpenStreetMap,
Kiiu Kiigepõnni Lasteaed,,,,,,,,,,59.4487969,25.3928563,OpenStreetMap,
Kilingi-Nõmme lasteaed Krõll,,,,,,,,,http://www.lasteaedkroll.ee/,58.1476931,24.9580124,OpenStreetMap,
"Kirivere Kooli lasteaed ""Tähekild""",,,,,,,,,,58.6334193,25.7285269,OpenStreetMap,
Kirsiaia Lasteaed,,,,,,,,,,59.1970296,24.3926179,OpenStreetMap,
Kivi-Vigala põhikooli lasteaed,,,,,,,,,,58.7129693,24.3593631,OpenStreetMap,
Kiviõli Lasteaed Kannike,,,,,,,,,,59.3616651,26.9763298,OpenStreetMap,
Klooga lasteaed,,,,,,,,,,59.3193749,24.2493871,OpenStreetMap,
Kohila Lasteaed Männi,,,,,,,,,,59.1692453,24.749104,OpenStreetMap,
Kohtla-Järve Lasteaed Buratino,,,,,,,,,https://laburatino.eu/,59.3993792,27.2896147,OpenStreetMap,
Kohtla-Järve Lasteaed Kakuke,,,,,,,,,http://www.kakuke.edu.ee/index.php/et/,59.3256231,27.4123168,OpenStreetMap,
Kohtla-Järve Lasteaed Karuke,,,,,,,,,,59.4087031,27.2888982,OpenStreetMap,
Kohtla-Järve Lasteaed Muinasjutt,,,,,,,,,,59.3708819,27.573025,OpenStreetMap,
Kohtla-Järve Lasteaed Punamütsike,,,,,,,,,,59.3242018,27.4262687,OpenStreetMap,
Kohtla-Järve Lasteaed Pääsuke,,,,,,,,,,59.3995771,27.2755846,OpenStreetMap,
Kohtla-Järve Lasteaed Rukkilill,,,,,,,,,,59.3321143,27.4184731,OpenStreetMap,
Kohtla-Järve Lasteaed Tuvike,,,,,,,,,,59.3974237,27.3436395,OpenStreetMap,
Kohtla-Järve Lasteaed Väikemees,,,,,,,,,,59.403951,27.2904736,OpenStreetMap,
Kohtla-Järve lasteaed Lepatriinu,,,,,,,,,,59.4038946,27.2829884,OpenStreetMap,
Kohtla-Järve lasteaed Tareke,,,,,,,,,http://www.lasteaed-tareke.ee,59.3311788,27.4190588,OpenStreetMap,
Kohtla-Nõmme Kooli lasteaiaosa,,,,,,,,,,59.3545753,27.1931678,OpenStreetMap,
Koigi kooli lasteaed,,,,,,,,,,58.8336547,25.7484719,OpenStreetMap,
Kolga lasteaed,,,,,,,,,,59.4917854,25.614066,OpenStreetMap,
Kolga-Jaani Kooli lasteaed,,,,,,,,,,58.5326659,25.9482464,OpenStreetMap,
Kolkja Lasteaed-Põhikooli lasteaiaosa,,,,,,,,,,58.6673636,27.1570267,OpenStreetMap,
Konguta kooli lasteaed,,,,,,,,,,58.2661607,26.3087456,OpenStreetMap,
Koonga kooli lasteaed,,,,,,,,,,58.579256,24.1503468,OpenStreetMap,
Koosa Lasteaed,,,,,,,,,,58.5251485,27.0802065,OpenStreetMap,
Kose Lasteaed PäevaLill - Habaja maja,,,,,,,,,,59.1065782,25.169106,OpenStreetMap,
Kose Lasteaed PäevaLill - Kose maja,,,,,,,,,,59.1818788,25.166274,OpenStreetMap,
Kose Lasteaed PäevaLill - Ravila maja,,,,,,,,,,59.184014,25.2180142,OpenStreetMap,
Kose-Uuemõisa lasteaed-kool,,,,,,,,,,59.2047338,25.0988346,OpenStreetMap,
Kostivere Lasteaed,,,,,,,,,,59.4267339,25.0929476,OpenStreetMap,
Kotka Lasteaed,,,,,,,,,,59.3618149,24.5792217,OpenStreetMap,
Kuldre Kooli lasteaed Sipsik,,,,,,,,,,57.8931434,26.5024457,OpenStreetMap,
Kulina Lasteaed,,,,,,,,,,59.2088116,26.5575481,OpenStreetMap,
Kullamaa Lasteaed,,,,,,,,,,58.878903,24.0791588,OpenStreetMap,
Kuremaa lasteaed-algkool,,,,,,,,,,58.7358071,26.539135,OpenStreetMap,
Kuressaare Ida-Niidu Lasteaed,,,,,,,,,https://idaniidu.kuressaare.ee,58.2588485,22.5084629,OpenStreetMap,
Kuressaare Rohu Lasteaed,,,,,,,,,https://rohulasteaed.saaremaavald.ee,58.2568666,22.4869326,OpenStreetMap,
Kuressaare Tuulte Roosi Lasteaed,,,,,,,,,https://tuulteroos.saaremaavald.ee,58.2480976,22.455418,OpenStreetMap,
Kuressaare pargi lasteaed,,,,,,,,,https://kuressaarepargilasteaed.weebly.com/,58.2515067,22.4804689,OpenStreetMap,
Kurtna kooli lasteaed,,,,,,,,,,59.2312023,24.719768,OpenStreetMap,
Kuusalu Lasteaed Jussike,,,,,,,,,https://www.lasteaedjussike.ee,59.4431713,25.4258516,OpenStreetMap,
Käina Lasteaed Tirtspõnni,,,,,,,,,,58.8300215,22.7820697,OpenStreetMap,
Kärla lasteaed,,,,,,,,,https://karlalasteaed.ee/,58.3289321,22.2592065,OpenStreetMap,
Kõmsi lasteaed-algkool,,,,,,,,,,58.6253686,23.6343844,OpenStreetMap,
Kõpu lasteaed,,,,,,,,,,58.3273944,25.3014492,OpenStreetMap,
LIhula lasteaed,,,,,,,,,https://lasteaed.laaneranna.ee,58.6904095,23.8383123,OpenStreetMap,
Laagri Lasteaed,,"Männimetsa tee, 53",,,,,,,http://www.laagrilasteaed.ee/,59.3532086,24.6098854,OpenStreetMap,
Laeva põhikooli lasteaed,,,,,,,,,,58.4874937,26.386091,OpenStreetMap,
Lagedi lasteaed,,,,,,,,,,59.4023727,24.9454056,OpenStreetMap,
Laiuse Jaan Poska Põhikooli lasteaed,,,,,,,,,,58.7827116,26.4986978,OpenStreetMap,
Lasteaed,,,,,,,,,,58.2530783,26.7821234,OpenStreetMap,
Lasteaed Aiake,,,,,,,,,,59.4413037,24.7499467,OpenStreetMap,
Lasteaed Aviv,,,,,,,,,,59.4358425,24.7289924,OpenStreetMap,
Lasteaed Kalevipoeg,,,,,,,,,,59.3486172,27.4159428,OpenStreetMap,
Lasteaed Loomelind,,,,,,,,,,58.3717981,26.7799887,OpenStreetMap,
Lasteaed LõunaTerake,,,,,,,,,,58.3574572,26.6730778,OpenStreetMap,
Lasteaed Muumioru,,,,,,,,,,57.9702044,27.0002825,OpenStreetMap,
Lasteaed Nõmmekannike Ilmarise maja,,"Ilmarise, 17",,,,,,,https://www.tallinn.ee/et/nommekannike,59.36938,24.6730619,OpenStreetMap,
Lasteaed Pillerkaar,,,,,,,,,,59.3482967,27.4217962,OpenStreetMap,
Lasteaed Rõõm,,,,,,,,,,59.4777927,25.0203373,OpenStreetMap,
Lasteaed Sipsik,,"Narva mnt, 21",,,,,,,,59.4756815,25.0229821,OpenStreetMap,
Lasteaed TäheTerake,,,,,,,,,,58.3732228,26.7268377,OpenStreetMap,
Lasteaed Tõruke,,,,,,,,,,59.3542372,24.9032735,OpenStreetMap,
Lasteaed VURR,11473581,,,,,,,,http://lasteaed.reaalkool.ee/,59.4322211,24.7467244,OpenStreetMap + teatmik.haridus.ee,teatmik_id=178
Lasteaed Vigri,,,,,,,,,,58.981297,22.4638647,OpenStreetMap,
Lasteaed Väike Päike - Peetri Lastehoid,,,,,,,,,,59.3888828,24.8041262,OpenStreetMap,
Lasteaed Väike Päike - Peetri Õuelastehoid,,,,,,,,,,59.3887394,24.8045417,OpenStreetMap,
Lasteaed Väike Päike - Viimsi lasteaed,,,,,,,,,,59.4996123,24.8567984,OpenStreetMap,
Lasteaed Väike Päike - Viimsi Õuelastehoid,,,,,,,,,,59.4993087,24.8663367,OpenStreetMap,
Lastehoid,,,,,,,,,,58.3736997,26.6906476,OpenStreetMap,
Lastehoid Läte,,,,,,,,,,59.3030352,24.4158442,OpenStreetMap,
Lastehoid kaheksajalg,,,,,+3725029965,,,,,58.3740444,26.716507,OpenStreetMap,
Laulasmaa Kooli Lehola Lasteaed,,,,,,,,,,59.2923953,24.3226741,OpenStreetMap,
Laulasmaa kooli Laulasmaa lasteaed,,,,,,,,,,59.376661,24.2417588,OpenStreetMap,
Lehtse kooli lasteaed,,,,,,,,,,59.2499315,25.8252381,OpenStreetMap,
Liisu lastehoid,,"Pille, 7/1",,,,,,,,59.4225221,24.7488284,OpenStreetMap,
Linnamäe lasteaed,,"Kooli tee, 10",,,+3724795425,,,,,58.9942046,23.7183295,OpenStreetMap,
Loo Lasteaed Pääsupesa,,,,,,,,,,59.4322785,24.9455601,OpenStreetMap,
Lusti Lasteaed,,,,,,,,,,57.8266463,26.5078095,OpenStreetMap,
Lähte lasteaed Kiisupere,,,,,,,,,https://www.lahtelasteaed.edu.ee,58.495851,26.6778098,OpenStreetMap,
Lõpe kooli lasteaed,,,,,,,,,,58.5719784,23.9898518,OpenStreetMap,
Lümanda Karu-Kati Lasteaed,,,,,,,,,,58.2868426,22.0211209,OpenStreetMap,
Ma Ray Lasteaed,,,,,,,,,,59.4385955,24.8466256,OpenStreetMap,
Maidla Kooli Erra lasteaed,,,,,,,,,,59.3704384,26.9908081,OpenStreetMap,
Maidla Kooli Sonda lasteaed,,,,,,,,,,59.3508925,26.8380862,OpenStreetMap,
Maidla Kooli lasteaed,,,,,,,,,,59.3361821,27.0121366,OpenStreetMap,
Martna Lasteaed,,,,,,,,,,58.8565599,23.8032281,OpenStreetMap,
Meelespea Waldorflasteaed,80321994,,,,,,,,https://www.waldorflasteaed.ee/,59.4331427,24.795067,OpenStreetMap + teatmik.haridus.ee,teatmik_id=181
Meie Mängurühm,,,,,,,,,http://meiemanguruhm.weebly.com/,58.3586299,26.7299827,OpenStreetMap,
Melliste Kooli lasteaed,,,,,,,,,,58.3317071,26.9817287,OpenStreetMap,
Meremäe Kooli lasteaed,,,,,,,,,,57.7483087,27.4584475,OpenStreetMap,
Midrimaailm,,"Pargi, 16",,,,,,,https://midri.ee/,59.3733966,24.6747953,OpenStreetMap,
Minilasteaed Lõvimeri,10935482,,,,,,,,http://lovimeri.eu,59.4418625,24.5758062,OpenStreetMap + teatmik.haridus.ee,teatmik_id=207
Mooste Lasteaed Tammetõru,,,,,,,,,,58.1586858,27.1902705,OpenStreetMap,
Muhu Lasteaed,,,,,,,,,,58.6020166,23.2287834,OpenStreetMap,
Mustjala Lasteaed-Põhikool,,,,,,,,,,58.463144,22.2327326,OpenStreetMap,
Mustvee Lasteaed (Mustvee maja),,,,,,,,,,58.8497337,26.9478269,OpenStreetMap,
Mustvee Lasteaed (Tiheda maja),,,,,,,,,https://www.mustvee.edu.ee/teated,58.795354,26.9599918,OpenStreetMap,
"Muuga-Laekvere Kooli lasteaed ""Rüblik""",,,,,,,,,,59.0661135,26.5603258,OpenStreetMap,
Mäetaguse Lasteaed Tõruke,,,,,,,,,https://www.lasteaed-toruke.ee,59.2234859,27.298327,OpenStreetMap,
Märjamaa Lasteaed Pillerpall,,,,,,,lasteaed.pillerpall@marjamaa.ee,,https://xn--mrjamaalasteaedpillerpall-lec.ee/,58.9005828,24.4323748,OpenStreetMap,
Mõisaküla Lasteaed,,,,,,,,,,58.092458,25.1801003,OpenStreetMap,
Mõmmipesa Lastehoid,,,,,+37254575521,,,,http://mõmmipesa.eu/,59.4212702,24.7493304,OpenStreetMap,
Mõniste Kooli Lasteaed,,,,,,,,,,57.5941523,26.5553755,OpenStreetMap,
Narva Lasteaed Kaseke,,,,,,,,,,59.3762262,28.1836604,OpenStreetMap,
Narva Lasteaed Sipsik,,"26. Juuli, 13a",,,,,,,http://sipsik.narvakultuur.ee/,59.3672345,28.1784148,OpenStreetMap,
Narva-Jõesuu Lasteaed Karikakar,,,,,,,,,,59.4562899,28.046293,OpenStreetMap,
Neeme Lasteaed,,,,,,,,,,59.5288852,25.1637081,OpenStreetMap,
Nõgiaru Lasteaed,,,,,,,,,,58.3114164,26.5450354,OpenStreetMap,
Nõlvaku Lasteaed,,"Kaselaane tn, 1",,,+37253079131,,,,,59.3522277,24.6362734,OpenStreetMap,
Olustvere Lasteaed Piilu,,,,,,,,,,58.5575496,25.5617222,OpenStreetMap,
"Orissaare lasteaed ""Päikesekiir""",,,,,,,,,,58.5576486,23.0851548,OpenStreetMap,
"Oru lasteaed ""Mesimumm""",,,,,,,,,,59.1909569,24.9906412,OpenStreetMap,
Otepää Lasteaed - Pähklikese maja,,,,,,,,,,58.0552005,26.4934431,OpenStreetMap,
Otepää Lasteaed - Võrukaela maja,,,,,,,,,,58.0622247,26.5021139,OpenStreetMap,
Padise Lasteaed,,,,,,,,,,59.2240145,24.1451611,OpenStreetMap,
Paide Lasteaed,,,,,,,,,,58.8807085,25.5444676,OpenStreetMap,
Palade Lasteaed,,,,,,,,,,58.9574691,22.8339692,OpenStreetMap,
"Palamuse Lasteaed ""Nukitsamees""",,,,,,,,,http://palamuselasteaed.weebly.com/,58.6822379,26.577158,OpenStreetMap,
"Palamuse Lasteaed ""Nukitsamees"" - Kaarepere rühm",,,,,,,,,,58.6615104,26.5101857,OpenStreetMap,
Palivere lasteaed Piibeleht,,,,,+3724724206,,,,https://www.laanenigula.ee/palivere-lasteaed,58.9655849,23.8926721,OpenStreetMap,
Pangapealse lasteaed,,,,,,,,,https://www.pangapealselasteaed.ee/avaleht,59.4574059,24.4573752,OpenStreetMap,
Parksepa Lasteaed,,,,,,,,,,57.9077224,26.9832332,OpenStreetMap,
Peetri Lasteaed,,,,,,,,,,59.3955381,24.8101134,OpenStreetMap,
Peetri kooli lasteaed,,,,,,,,,,58.9434172,25.8310889,OpenStreetMap,
Pihtla kooli lasteaed,,,,,,,,,,58.3039974,22.7309584,OpenStreetMap,
Pikavere mõisakooli lasteaed,,,,,,,,,,59.2777088,25.1359298,OpenStreetMap,
Puhja lasteaed Pääsusilm,,,,,,,,,https://puhja.lasteaed.elva.ee/,58.3345784,26.3117563,OpenStreetMap,
Puiatu lasteaed,,,,,,,,,,58.3597136,25.4312005,OpenStreetMap,
Puiga Lasteaed Siilike,,,,,,,,,,57.7981647,27.03118,OpenStreetMap,
Puurmani Lasteaed Siilipesa,,,,,,,,,,58.5756571,26.2826456,OpenStreetMap,
Päri lasteaed,,,,,,,,,,58.3391819,25.4970382,OpenStreetMap,
Pärnu-Jaagupi Lasteaed Pesamuna - Libatse maja,,,,,,,,,,58.658623,24.4828883,OpenStreetMap,
Pärnu-Jaagupi Lasteaed Pesamuna - Pärnu-Jaagupi maja,,,,,,,,,,58.604534,24.5056066,OpenStreetMap,
Pärnu-Jaagupi Lasteaed Pesamuna - Vahenurme maja,,,,,,,,,,58.620789,24.3893191,OpenStreetMap,
Pärsti lasteaed,,,,,,,,,,58.4218451,25.5332408,OpenStreetMap,
Põlgaste Lasteaed Sinilill,,,,,,,,,https://kanepi.kovtp.ee/polgaste-lasteaed,57.9799985,26.8746494,OpenStreetMap,
Põltsamaa Valla Lasteaed - Adavere,,,,,,,,,,58.7085117,25.8991085,OpenStreetMap,
Põltsamaa Valla Lasteaed - Aidu,,,,,,,,,,58.7314374,26.2135623,OpenStreetMap,
Põltsamaa Valla Lasteaed - Esku,,,,,,,,,,58.6417031,25.8912763,OpenStreetMap,
Põltsamaa Valla Lasteaed - Lustivere,,,,,,,,,,58.6615395,26.0913714,OpenStreetMap,
Põltsamaa Valla Lasteaed - Pisisaare,,,,,,,,,,58.7232747,25.9616132,OpenStreetMap,
Põltsamaa lasteaed,,,,,,,,,https://www.poltsamaalasteaed.edu.ee,58.6605574,25.9796608,OpenStreetMap,
"Põlva Lasteaed ""Lepatriinu""",,,,,,,,,,58.0507753,27.0506394,OpenStreetMap,
"Põlva Lasteaed ""Mesimumm""",,,,,,,,,,58.0595927,27.0718662,OpenStreetMap,
Põlva Roosi kooli lasteaed,,,,,,,,,,58.0595322,27.0724081,OpenStreetMap,
Põnnipesa Lasteaed,,,,,,,,,,59.5098461,24.8250359,OpenStreetMap,
Pühajärve Põhikooli lasteaed,,,,,,,,,,58.0126062,26.4368471,OpenStreetMap,
Püssi Marjakese Lasteaed,,,,,,,,,https://www.marjakese.ee,59.3611734,27.0351475,OpenStreetMap,
Raasiku lasteaed,,,,,,,,,,59.3684427,25.1841061,OpenStreetMap,
Rahvusvaheline Lasteaed,10878962,,,,,,,,https://www.kindergarten.ee,59.4248727,24.7298195,OpenStreetMap + teatmik.haridus.ee,teatmik_id=187
"Rakke Lasteaed ""Leevike""",,,,,,,,,http://lasteaed.rakke.ee/,58.9932407,26.2331676,OpenStreetMap,
Rakvere Kungla Lasteaed,,,,,,,,,,59.3427425,26.3671572,OpenStreetMap,
Rakvere Rohuaia lasteaed,,,,,,,,,https://www.rla.edu.ee/,59.3522236,26.3652688,OpenStreetMap,
Rakvere Triinu Lasteaed,,,,,,,,,,59.3438951,26.3704519,OpenStreetMap,
Randvere maja (Viimsi lasteaiad),,,,,,,,,https://www.viimsilasteaiad.ee/8-lasteaiamaja/randvere-maja,59.5062011,24.9069457,OpenStreetMap,
Rannu Lasteaed,,,,,,,,,https://rannu.lasteaed.elva.ee/,58.2376336,26.219771,OpenStreetMap,
Rapla Lasteaed Päkapikk,,,,,,,,,,58.9968782,24.7951033,OpenStreetMap,
Retla-Kabala Kooli Kabala lasteaed,,,,,,,,,,58.6918748,25.6296414,OpenStreetMap,
Retla-Kabala Kooli Oisu lasteaed,,,,,,,,,,58.7574232,25.5658164,OpenStreetMap,
Riidaja Põhikooli lasteaed,,,,,,,,,,58.0906905,25.8916955,OpenStreetMap,
Riisipere lasteaed,,,,,,,,,,59.1031542,24.3136097,OpenStreetMap,
Risti Kooli lasteaed,,,,,,,,,,59.2275564,24.0140215,OpenStreetMap,
Risti lasteaed,,,,,,,,,,58.9982617,24.0601592,OpenStreetMap,
Ristiku Lasteaed,,,,,,,,,https://ristikulasteaed.saaremaavald.ee/,58.2608701,22.4923764,OpenStreetMap,
Ritsu lasteaed-algkool,,,,,,,,,https://ritsu.edu.ee/,58.0335915,25.8463789,OpenStreetMap,
Rocca al Mare Kooli Lasteaed Veskimöldres,,,,,,,,,,59.3541363,24.6065013,OpenStreetMap,
Roela kooli lasteaed,,,,,,,,,,59.1702629,26.5930304,OpenStreetMap,
Rukilill Maardu Lasteaed,,,,,,,,,https://maardurukkilill.ee/,59.488174,25.0213897,OpenStreetMap,
Rukkilille Lasteaed,,,,,,,,,,59.31053,24.4008393,OpenStreetMap,
"Rummu Lasteaed “Lepatriinu""",,,,,,,,,,59.2318201,24.1958556,OpenStreetMap,
Räpina Lasteaed Vikerkaar,,,,,,,,,,58.0934382,27.4692469,OpenStreetMap,
Rõngu Lasteaed Pihlakobar - Aakre lasteaiarühmad,,,,,,,,,,58.0978615,26.2027109,OpenStreetMap,
Rõngu Lasteaed Pihlakobar - Hellenurme lasteaiarühmad,,,,,,,,,,58.1351804,26.3839959,OpenStreetMap,
Rõngu lasteaed Pihlakobar,,,,,,,,,https://www.rongulasteaed.edu.ee/,58.1455026,26.2438171,OpenStreetMap,
Rõuge lasteaed,,,,,,,,,,57.7290122,26.9070634,OpenStreetMap,
Sadala kooli lasteaed,,,,,,,,,,58.8624423,26.5994088,OpenStreetMap,
Sajajalgne Kesklinna lasteaed,,,,,,,,,,59.4280022,24.7302862,OpenStreetMap,
Sajajalgne Pelgulinna lasteaed,,,,,,,,,,59.4391943,24.7173155,OpenStreetMap,
Saku Lasteaed Päikesekild,,,,,+3726728722,,,,,59.2959916,24.6570265,OpenStreetMap,
Saku Lasteaed Terake - Mudila,,,,,,,,,,59.2992596,24.6619702,OpenStreetMap,
Saku Lasteaed Terake - Pargimaja,,,,,,,,,,59.2980638,24.6642916,OpenStreetMap,
Saku Lasteaed Terake - Peamaja,,,,,,,,,https://www.sakuterake.ee/,59.3028513,24.6706533,OpenStreetMap,
Saku Lasteaed Terake - Vudila,,,,,,,,,,59.2987655,24.6636625,OpenStreetMap,
Salme lasteaed,,,,,,,,,,58.1627085,22.249022,OpenStreetMap,
Saue lasteaed Midrimaa,,,,,,,,,,59.3269534,24.5632519,OpenStreetMap,
Saverna Lasteaed Sipsik,,,,,,,,,,58.0708386,26.7379817,OpenStreetMap,
Siimusti Lasteaed,,,,,,,,,https://www.siimustilak.edu.ee,58.7242485,26.3389606,OpenStreetMap,
Sillamäe Lasteaed Jaaniussike,,,,,,,,,https://jaaniussike.ee/,59.3931477,27.7797989,OpenStreetMap,
Sillamäe Lasteaed Päikseke,,,,,,,,,https://www.paikseke.ee,59.3931491,27.7860214,OpenStreetMap,
Sillamäe Lasteaed Rukkilill,,,,,,,,,http://rukkilill.planet.ee,59.3957744,27.7580462,OpenStreetMap,
Sillamäe lasteaed Pääsupesa,,,,,,,,,https://paasupesalasteaed.eu/,59.3935723,27.7664645,OpenStreetMap,
Sillaotsa kooli Roiu lasteaed,,,,,,,,,,58.2980424,26.8695958,OpenStreetMap,
Simuna Kooli lasteaed,,,,,,,,,,59.0465357,26.4065813,OpenStreetMap,
Sipa-Laukna Lasteaed,,,,,,,,,,58.9134874,24.2972281,OpenStreetMap,
Surju kooli lasteaed,,,,,,,,,,58.2411456,24.7207126,OpenStreetMap,
Sutlema-Aespa Lasteaed - Linnupesa maja,,,,,,,,,https://sutlemalinnupesa.edu.ee/,59.1717079,24.6533652,OpenStreetMap,
Suure-Jaani Kooli Sürgavere tegutsemiskoha lasteaia liitrühm “Vembu”,,,,,,,,,,58.48616,25.5163023,OpenStreetMap,
Suure-Jaani Kooli Tääksi tegutsemiskoha lasteaed “Täksikud”,,,,,,,,,,58.5206585,25.626259,OpenStreetMap,
Suure-Jaani Lasteaed Sipsik,,,,,,,,,,58.5391498,25.4698028,OpenStreetMap,
Suuremõisa lasteaed-põhikool (lasteaed),,,,,,,,,https://www.suurem.edu.ee,58.8685755,22.94708,OpenStreetMap,
Sõmerpalu Lasteaed Lepatriinu,,,,,,,,,https://www.lepatriinud.ee/,57.8469312,26.8333533,OpenStreetMap,
Sõmeru Lasteaed Pääsusilm - Sõmeru maja,,,,,,,,,http://www.paasusilm.ee,59.3608451,26.4352758,OpenStreetMap,
Sõmeru Lasteaed Pääsusilm - Uhtna maja,,,,,,,,,,59.3962529,26.5654369,OpenStreetMap,
Taaramäe lasteaed,,,,,,,,,,59.3570098,24.9132769,OpenStreetMap,
Tabasalu Teelahkme Lasteaed - Tabasalu maja,,,,,,,,,,59.4318448,24.5575468,OpenStreetMap,
Tabasalu Teelahkme Lasteaed - Vääna-Jõesuu majad,,,,,,,,,,59.4336698,24.3713242,OpenStreetMap,
Tabivere Lasteaed Rõõmula,,,,,,,,,,58.5498602,26.6000035,OpenStreetMap,
Taebla lasteaed,,,,,,,,,,58.9536162,23.7447882,OpenStreetMap,
Tallinna Laagna Lasteaed-Põhikool,75016875,,,,+3726322795,+3726322681,info@laagnakool.ee,,https://laagnakool.ee,59.4378166,24.833882,OpenStreetMap + teatmik.haridus.ee,teatmik_id=36
Tallinna Lasteaed Naksitrallid,77001429,,,,+3723464448,+3723464448,parje.ylavere@naksitrall.edu.ee,,https://www.tallinn.ee/est/naksitrallid/,59.4092584,24.6418321,OpenStreetMap + teatmik.haridus.ee,teatmik_id=165
Tallinna Lastekodu Imikute ja puuetega laste keskus,,,,,,,,,,59.4000596,24.6829182,OpenStreetMap,
Tallinna Rukkilille Lasteaed,75019218,"Õismäe tee, 70",,,+3726571548,+3726571548,rukkilille@la.tln.edu.ee,direktor@rukkilille.edu.ee,https://www.tallinn.ee/rukkilille-lasteaed,59.4143462,24.6437365,OpenStreetMap + teatmik.haridus.ee,teatmik_id=137
Tallinna lastekodu,,"Vana-Pärnu mnt, 9a/1",,,,,,,,59.3893783,24.6860866,OpenStreetMap,
Tapa lasteaed Vikerkaar,,,,,,,,,,59.2671163,25.9641669,OpenStreetMap,
Tartu Karlova Lasteaed - Karoliine maja,,,,,,,,,,58.3707086,26.7255211,OpenStreetMap,
Tartu Karlova Lasteaed - Tähe maja,,,,,,,,,,58.3734202,26.7269216,OpenStreetMap,
Tartu Väike Päike Lasteaed,,,,,,,,,,58.373512,26.711601,OpenStreetMap,
Tartu Waldorflasteaed Taevasina,,,,,,,,,,58.3941571,26.6855189,OpenStreetMap,
Tarvastu Lasteaed - Kärstna maja,,,,,,,,,,58.1440994,25.8018389,OpenStreetMap,
Tarvastu Lasteaed - Mustla maja,,,,,,,,,,58.2335757,25.8816022,OpenStreetMap,
Tarvastu Lasteaed - Soe maja,,,,,,,,,,58.2128381,25.9279232,OpenStreetMap,
Terve Pere Aed,,,,,,,,,https://www.tervepereaed.ee,57.9076301,26.9835296,OpenStreetMap,
Tiki-Triki Peetri lasteaed,,,,,,,,,,59.3941651,24.8027279,OpenStreetMap,
Tiki-Triki Rakvere lasteaed,,,,,,,,,,59.3418738,26.371751,OpenStreetMap,
Tiki-Triki Tõrma lasteaed,,,,,,,,,,59.3221659,26.3467648,OpenStreetMap,
Toila lasteaed Naerumeri,,,,,,,,,,59.4212723,27.5158403,OpenStreetMap,
Tootsi Lasteaed,,,,,,,,,,58.5839337,24.7841219,OpenStreetMap,
Tornimäe Lasteaed,,,,,,,,,,58.5046996,23.1146513,OpenStreetMap,
Tõrva Lasteaed Mõmmik,,,,,,,,,,57.9955973,25.9383283,OpenStreetMap,
Tõrva Lasteaed Tõrvalill,,,,,,,,,,58.00385,25.9262991,OpenStreetMap,
Tõstamaa lasteaed,,,,,,,,,http://lasteaed.tostamaa.ee,58.3359759,23.9884446,OpenStreetMap,
Türi lasteaed,,,,,,,,,,58.8206299,25.4071681,OpenStreetMap,
Uuemõisa lasteaed-algkool,,,,,,,,,https://www.ula.edu.ee,58.9432996,23.5796366,OpenStreetMap,
Uuesalu lasteaed,,,,,,,,,https://lasteaiad.rae.ee/peetri/uuesalu-lasteaed/kontakt/,59.3599872,24.8142308,OpenStreetMap,
Uusna Lasteaed Tõruke - Kalmetu rühmad,,,,,,,,,,58.3909324,25.8375744,OpenStreetMap,
Uusna Lasteaed Tõruke - Uusna rühm,,,,,,,,,,58.3892937,25.7482854,OpenStreetMap,
Vaela Lasteaed,,"Kuuse tee, 22",,,,,,,,59.3307285,24.8237774,OpenStreetMap,
Vaida Lasteaed Pillerpall,,,,,,,,,,59.2834553,24.976718,OpenStreetMap,
Vaimastvere kooli lasteaed,,,,,,,,,,58.8136052,26.2846131,OpenStreetMap,
Vaivara Lasteaed - Olgina rühmad,,,,,,,,,,59.3924935,28.1329358,OpenStreetMap,
Vaivara Lasteaed - Sinimäe rühmad,,,,,,,,,,59.3736966,27.8737837,OpenStreetMap,
"Valga Lasteaed ""Buratino""",,,,,,,,,,57.7750069,26.0383106,OpenStreetMap,
"Valga Lasteaed ""Kaseke""",,,,,,,,,,57.7803894,26.058675,OpenStreetMap,
"Valga Lasteaed ""Walko""",,,,,,,,,,57.7755952,26.027069,OpenStreetMap,
Valgu põhikooli lasteaed,,,,,,,,,https://www.valgupk.edu.ee/,58.8169385,24.5889937,OpenStreetMap,
Valguta lasteaed-algkool,,,,,,,,,,58.1906738,26.2056008,OpenStreetMap,
Valjala lasteaed,,,,,,,,,,58.4074755,22.7926773,OpenStreetMap,
Valtu Lasteaed Pesapuu,,,,,,,,,,58.9645116,24.8379031,OpenStreetMap,
Vana-Vigala Lasteaed,,,,,,,,,,58.7802772,24.2521164,OpenStreetMap,
Vao Lasteaed,,"Lasteaia tee, 1",,,,,,,,58.9371499,25.9739088,OpenStreetMap,
Vara Lasteaed Õnnetriinu,,,,,,,,,https://varalasteaed.ee,58.5103992,26.8863835,OpenStreetMap,
Varbla kooli lasteaed,,,,,,,,,,58.4299744,23.7546414,OpenStreetMap,
"Vasalemma Lasteaed ""Sajajalgne""",,,,,,,,,https://sajajalgne.edu.ee,59.2383655,24.2780362,OpenStreetMap,
Vastemõisa Lasteaed Päevalill,,,,,,,,,,58.4416641,25.4427856,OpenStreetMap,
Vastseliina Lasteaed,,,,,,,,,,57.731757,27.2786934,OpenStreetMap,
Veltsi lasteaed-algkool,,,,,,,,,http://www.veltsi.edu.ee/,59.3988809,26.277339,OpenStreetMap,
"Veriora Lasteaed ""Õnneseen""",,,,,,,,,,57.9940508,27.3299935,OpenStreetMap,
Veskitammi Lasteaed,,"Veskitammi tn, 22",,,,,,,http://www.veskitammila.ee/,59.3489993,24.6176664,OpenStreetMap,
Vihasoo lasteaed-algkool,,,,,,,,,,59.5443258,25.7996406,OpenStreetMap,
Viimsi Lasteaiad - Astri maja,,,,,,,,,,59.5121676,24.8252433,OpenStreetMap,
Viimsi Lasteaiad - Karulaugu maja,,,,,,,,,,59.5121384,24.8369289,OpenStreetMap,
Viimsi Lasteaiad - Laanelinnu maja,,,,,,,,,,59.5254914,24.8139084,OpenStreetMap,
Viimsi Lasteaiad - Pargi maja,,,,,,,,,https://www.viimsilasteaiad.ee/viimsi-lasteaiad-majad/pargi-maja,59.5022235,24.8380508,OpenStreetMap,
Viimsi laseteaiad - Leppneeme maja,,,,,,,,,https://www.viimsilasteaiad.ee/viimsi-lasteaiad-majad/leppneeme-maja,59.5467711,24.8613026,OpenStreetMap,
Viimsi lasteaiad - Uus-Pärtle maja,,,,,,,,,https://www.viimsilasteaiad.ee/8-lasteaiamaja/uus-partle-maja,59.5135954,24.8492589,OpenStreetMap,
Viiratsi Lasteaed Rüblik - Tiigi maja,,,,,,,,,,58.3584072,25.639545,OpenStreetMap,
Viisu Lasteaed,,,,,,,,,,58.9461527,25.6660453,OpenStreetMap,
"Vinni Lasteaed ""Tõruke""",,,,,,,,,,59.2924433,26.4300817,OpenStreetMap,
Virtsu kooli Virtsu lasteaed,,,,,,,,,,58.5795183,23.5363872,OpenStreetMap,
Viru-Nigula valla lasteaed Kelluke - Aseri,,,,,,,,,,59.448994,26.8590604,OpenStreetMap,
Viru-Nigula valla lasteaed Kelluke - Kunda maja,,,,,,,,,,59.5044356,26.5048667,OpenStreetMap,
Viru-Nigula valla lasteaed Kelluke - Viru-Nigula maja,,,,,,,,,,59.4464307,26.6941364,OpenStreetMap,
Vohnja Lasteaed-Algkool,,,,,,,,,https://www.vohnja.edu.ee/avaleht/,59.3740209,26.0417606,OpenStreetMap,
Voka Lasteaed Naksitrallid,,,,,,,,,,59.4057764,27.5848069,OpenStreetMap,
Voore põhikooli lasteaed - Kääpa rühm Siilike,,,,,,,,,,58.7008771,26.8460117,OpenStreetMap,
Voore põhikooli lasteaed - rühm Rõõmurullid,,,,,,,,,,58.7146354,26.7505444,OpenStreetMap,
Vormsi lasteaed-põhikool,,,,,,,,,http://www.vormsi.edu.ee/,58.9915268,23.2439439,OpenStreetMap,
Väike Päike Kesklinna Lastehoid,,,,,,,,,https://www.lasteklubi.ee/,59.4402667,24.7720442,OpenStreetMap,
Väike-Maarja Lasteaed,,,,,,,,,,59.125716,26.2548867,OpenStreetMap,
Väike-Maarja Lasteaed - Kiltsi rühm,,,,,,,,,,59.0771764,26.194492,OpenStreetMap,
Väimela Lasteaed Rukkilill,,,,,,,,,,57.8893536,27.0149934,OpenStreetMap,
Vändra Lasteaed - Mürakaru maja,,,,,,,,,,58.6517408,25.0441142,OpenStreetMap,
Vändra Lasteaed - Rukkilille maja,,,,,,,,,,58.6541114,25.0336734,OpenStreetMap,
Vändra Lasteaed - Vihtra maja,,,,,,,,,,58.5855201,25.0176738,OpenStreetMap,
Värska Lasteaed,,,,,,,,,,57.9580225,27.6362958,OpenStreetMap,
Väätsa Lasteaed Paikäpp,,,,,,,,,http://lasteaed.vaatsa.ee,58.8877675,25.4484502,OpenStreetMap,
Võhma Lasteaed Mänguveski,,,,,,,,,,58.6317671,25.5496224,OpenStreetMap,
Võnnu Lasteaed Värvuke,,,,,,,,,https://www.lasteaed.vonnu.edu.ee/,58.2838891,27.0497321,OpenStreetMap,
Võru Lasteaed Okasroosike,,,,,,,,,,57.8431962,27.0022734,OpenStreetMap,
Võru Lasteaed Punamütsike,,,,,,,,,,57.8484195,27.0080447,OpenStreetMap,
Võru Lasteaed Päkapikk,,,,,+3727828560,,lasteaed@pakapikk.ee,,https://pakapikk.ee/,57.8447321,26.9977882,OpenStreetMap,
Võru Lasteaed Sõleke,,,,,,,,,,57.8378877,27.0125637,OpenStreetMap,
Võsukese lasteaed,,,,,,,,,https://lasteaiad.rae.ee/vosukese-uudised/,59.3541874,24.9053802,OpenStreetMap,
Waldorflasteaed Pauliine,,,,,,,,,,58.3820817,24.516698,OpenStreetMap,
Ääsmäe lasteaed,,,,,,,,,https://aasmaelasteaed.ee/,59.2439121,24.5046545,OpenStreetMap,
Õie lasteaed,,,,,,,,,https://lasteaiad.rae.ee/juri/oie-lasteaed/lasteaiast/,59.3508346,24.9063127,OpenStreetMap,
Õisu Lasteaed,,,,,,,,,,58.1967991,25.547422,OpenStreetMap,
Õru lasteaed-algkool,,,,,,,,,https://orukool.weebly.com/,57.9266153,26.1767593,OpenStreetMap,
​Tamsalu Lasteaed Krõll - Sääse maja,,,,,,,,,,59.1592468,26.1302222,OpenStreetMap,
​Tamsalu Lasteaed Krõll - ​Tamsalu maja,,,,,,,,,,59.1670101,26.1074547,OpenStreetMap,
​Tamsalu Lasteaed Krõll - ​Vajangu maja,,,,,,,,,,59.1093714,26.0072685,OpenStreetMap,
Sutlema-Aespa lasteaed: Metsaveere maja,,"Suvila tee, 27, Aespa alevik",Aespa alevik,,,,,,https://sutlemalinnupesa.edu.ee/,59.2087269,24.6650996,OpenStreetMap,
Järvapesa Lasteaed,,"Pikk, 37, Ambla alevik",Ambla alevik,,73502,,,,https://jarvavald.ee/haridus-kultuur-sport-ja-noored/haridus-ja-noored/koolid-ja-lasteaiad/jarvapesa-lasteaed/,59.1920602,25.8459959,OpenStreetMap,
Ardu Lasteaed,,"Lasteaia tee, 8, Ardu alevik",Ardu alevik,,,,,,,59.1012815,25.356204,OpenStreetMap,
Audru Lasteaed Männituka,,"Nooruse tee, 2, Audru alevik",Audru alevik,,,,,,,58.4145189,24.353898,OpenStreetMap,
Tiki-Triki Haabneeme eralasteaed,,"Nurme tee, 21, Haabneeme alevik",Haabneeme alevik,,,,,,https://www.tikitrikilasteaed.com/haabneeme,59.5243926,24.8167815,OpenStreetMap,
Viimsi lasteaiad - Päikeseratta maja,,"Randvere tee, 16, Haabneeme alevik",Haabneeme alevik,,,,,,https://www.viimsilasteaiad.ee/viimsi-lasteaiad-majad/paikeseratta-maja,59.5110112,24.8357641,OpenStreetMap,
Haapsalu Lasteaed Päikesejänku,,"Endla, 9, Haapsalu",Haapsalu,,,,,,https://paikesejanku.haapsalu.ee/,58.9437745,23.5364752,OpenStreetMap,
Haaslava lasteaed,,"Pihlaka tee, 34, Haaslava küla",Haaslava küla,,,,,,,58.3304418,26.8008537,OpenStreetMap,
Hagudi lasteaed,,"Kooli, 1/1, Hagudi alevik",Hagudi alevik,,,,,,,59.0645412,24.8090993,OpenStreetMap,
Haiba Lasteaed Riisikas,,"Riisipere tee, 19, Haiba küla",Haiba küla,,,,,,https://www.kernukool.ee/index.php/lasteaed,59.126447,24.466954,OpenStreetMap,
Häädemeeste lasteaed,,"Lasteaia, 4, Häädemeeste alevik",Häädemeeste alevik,,,,,,https://haademeestevald.kovtp.ee/lasteaiad,58.0808095,24.4971344,OpenStreetMap,
Iisaku Lasteaed Kurekell,,"Tartu mnt, 56, Iisaku alevik",Iisaku alevik,,,,kurekell@alutaguse.edu.ee,,https://www.kurekell.ee/,59.0971848,27.3114954,OpenStreetMap,
Ilmatsalu Lasteaed Lepatriinu,,"Pargi tee, 4, Ilmatsalu alevik",Ilmatsalu alevik,,,,,,,58.3869368,26.5577192,OpenStreetMap,
Imavere Kooli lasteaiarühmad,,"Antsu tee, 4, Imavere küla",Imavere küla,,,,,,,58.7350811,25.7702351,OpenStreetMap,
Juuru Lasteaed Sinilill,,"Muuseumi, 3, Juuru alevik",Juuru alevik,,,,sinilill@rapla.ee,,https://raplasinilill.wordpress.com/,59.0565972,24.9643226,OpenStreetMap,
Jäneda kool,,Jäneda küla,Jäneda küla,,,,,,,59.2423381,25.6866805,OpenStreetMap,
Järlepa lasteaed Sinilill,,"Tammemäe, 5, Järlepa küla",Järlepa küla,,,,,,https://raplasinilill.wordpress.com/,59.1367341,24.9212514,OpenStreetMap,
Järva-Jaani lasteaed Jaanilill,,"Lai, 4a, Järva-Jaani alev",Järva-Jaani alev,,,,,,https://jaanilill.ee/,59.043209,25.883544,OpenStreetMap,
Järveküla lasteaed - Järveküla maja,,"Turu tee, 23, Järveküla",Järveküla,,,,,,https://lasteaiad.rae.ee/peetri/jarvekula-lasteaed/lasteaiast/,59.3805579,24.8326059,OpenStreetMap,
Järveküla lasteaed - Leerimäe maja,,"Leerimäe tee, 1, Järveküla",Järveküla,,,,,,https://lasteaiad.rae.ee/peetri/jarvekula-lasteaed/lasteaiast/,59.3911003,24.7977224,OpenStreetMap,
Järveküla lasteaed - Sõnajala maja,,"Sõnajala tee, 3, Järveküla",Järveküla,,,,,,,59.3831906,24.8025654,OpenStreetMap,
Kiili Lasteaia Kangru maja,,"Kullerkupu, 10, Kangru alevik",Kangru alevik,,,,,,http://www.kiililasteaed.ee/uus/index.php/kontakt,59.3517289,24.778809,OpenStreetMap,
Koeru lasteaed Päikeseratas,,"Paide tee, 15a, Koeru alevik",Koeru alevik,,,,,,http://www.paikeseratasla.ee,58.9591708,26.0186893,OpenStreetMap,
Kohila Lasteaed Sipsik,,"Posti, 5a, Kohila alev",Kohila alev,,,,,,,59.1729651,24.751965,OpenStreetMap,
Kohtla-Järve Lasteaed Aljonuška,,"Mõisa tee, 1, Kohtla-Järve",Kohtla-Järve,,,,,,,59.4064044,27.2889289,OpenStreetMap,
Kohtla-Järve Lasteaed Kirju-Mirju,,"Pärna, 36, Kohtla-Järve",Kohtla-Järve,,,,,,,59.4038314,27.2886402,OpenStreetMap,
Kohtla-Järve Lasteaed Tuhkatriinu,,"Ridaküla, 24, Kohtla-Järve",Kohtla-Järve,,,,tuhkatriinu@kjlv.ee,,https://www.tuhkatriinu.edu.ee/et/,59.3356045,27.4108677,OpenStreetMap,
Krootuse Lasteaed Pesapuu,,"Kooli, 1, Krootuse küla",Krootuse küla,,+37253034484,,,,https://kanepi.kovtp.ee/krootuse-lasteaed,58.0727068,26.8422434,OpenStreetMap,
Kärdla Lasteaed,,"Kalda, 11, Kärdla",Kärdla,,+3724632125,,,,http://lasteaed.hiiumaa.ee/,59.0008419,22.7474239,OpenStreetMap,
Kõrveküla Lasteaed Päikeseratas,,"Lasteaia, 4, Kõrveküla alevik",Kõrveküla alevik,,,,,,,58.424625,26.7598896,OpenStreetMap,
Tuleviku Lasteaed,,"Tuleviku, 3, Laagri alevik",Laagri alevik,,,,info@tulevikulasteaed.ee,,https://www.tulevikulasteaed.ee/,59.3516417,24.6184247,OpenStreetMap,
Lasva Lasteaed Pargihaldjas,,"Palo tee, 32, Lasva küla",Lasva küla,,,,lasvalasteaed@edu.voruvald.ee,,https://pargihaldjas.ee/,57.8615511,27.1806435,OpenStreetMap,
Lohkva Lasteaed,,"Valguse tee, 6, Lohkva küla",Lohkva küla,,,,,,,58.3695371,26.7958589,OpenStreetMap,
Peamaja,,"Pajula tee, 2, Lohkva küla",Lohkva küla,,,,,,https://midrimaa.luunja.ee/,58.3803805,26.7774316,OpenStreetMap,
Loksa Lasteaed Õnnetriinu,,"Lasteaia, 3, Loksa",Loksa,,+3726229187,,lasteaed@loksa.ee,,https://www.loksalinn.ee/loksa-lasteaed-onnetriinu,59.5847736,25.7284959,OpenStreetMap,
Luunja Lasteaed Midrimaa,,"Uus, 3, Luunja alevik",Luunja alevik,,,,,,,58.3549738,26.8764025,OpenStreetMap,
Eco Planet,,"Paelrohu tee, 1B, Maardu",Maardu,,,,info@ecolasteaed.ee,,,59.4786741,24.9236242,OpenStreetMap,
Muuga Lasteaed,,"Ploomipuu pst, 52/54, Maardu",Maardu,,+3726609603,,,,https://www.muugalasteaed.ee/,59.4786728,24.9453387,OpenStreetMap,
Põlva Lasteaed Pihlapuu,,"Koolimaja tee, 1, Mammaste küla",Mammaste küla,,,,,,http://pihlapuu.ee/,58.0541621,27.0431908,OpenStreetMap,
Misso lasteaed Krõll,,"Riia mnt, 15, Misso alevik",Misso alevik,,,,,,https://www.haanja.edu.ee/lasteaed/kontakt,57.5993557,27.2216361,OpenStreetMap,
Käoke (№ 38),,"Kangelaste prospekt, 38, Narva",Narva,,+3723544355,,,,https://kaoke.ee/,59.3893328,28.1696364,OpenStreetMap,
Narva Lasteaed Cipollino,,"Kivilinna, 11, Narva",Narva,,,,cipollino@narvakultuur.ee,,http://lasteaiad.narvakultuur.ee/cipollino/et/avaleht,59.3872281,28.1822606,OpenStreetMap,
Narva Lasteaed Kakuke,,"Hariduse, 30, Narva",Narva,,,,,,http://lasteaiad.narvakultuur.ee/kakuke/,59.3811918,28.1839264,OpenStreetMap,
Narva Lasteaed Karikakar,,"Aleksander Puškini, 5a, Narva",Narva,,,,,,http://karikakar.narvakultuur.ee/,59.3711839,28.1959692,OpenStreetMap,
Narva Lasteaed Kirsike,,"Soldina, 11, Narva",Narva,,,,,,http://kirsike.narvakultuur.ee,59.3806113,28.1621958,OpenStreetMap,
Narva Lasteaed Muinasjutt,,"Aleksander Puškini, 13a, Narva",Narva,,+3723591268,,muinasjutt.narva@gmail.com,,http://lasteaiad.narvakultuur.ee/,59.3739094,28.1938477,OpenStreetMap,
Narva Lasteaed Pingviin,,"Mõisa, 1a, Narva",Narva,,,,pingviin33@gmail.com,,http://lasteaiad.narvakultuur.ee/pingviin/et/avaleht,59.3786025,28.1717575,OpenStreetMap,
Narva Lasteaed Punamütsike,,"Kreenholmi, 8a, Narva",Narva,,+3723560543,,punamutsike18@gmail.com,,http://punamutsike.narvakultuur.ee/,59.3765549,28.1785337,OpenStreetMap,
Narva Lasteaed Pääsuke,,"Pimeaia, 1, Narva",Narva,,+3723591811,,paasuke@narvakultuur.ee,,http://paasuke.narvakultuur.ee/,59.3830837,28.2013416,OpenStreetMap,
Narva Lasteaed Põngerjas,,"Vassili Gerassimovi, 18a, Narva",Narva,,+37256483791,,narvapongerjas27@gmail.com,,http://pongerjas.ee/,59.366768,28.1902239,OpenStreetMap,
Narva Lasteaed Sädemeke,,"Pähklimäe, 5, Narva",Narva,,+3723573423,,,,http://lasteaiad.narvakultuur.ee/sademeke/et/avaleht,59.3859213,28.1690311,OpenStreetMap,
Narva Lasteaed Tareke,,"Soldina, 16, Narva",Narva,,+3723549980,,,,http://lasteaiad.narvakultuur.ee/tareke/et/avaleht,59.3798025,28.1652942,OpenStreetMap,
Narva Lasteaed Tuluke,,"Kangelaste prospekt, 16a, Narva",Narva,,,,,,http://lasteaiad.narvakultuur.ee/tuluke/et/avaleht,59.3852521,28.1744733,OpenStreetMap,
Narva Lasteaed Vikerkaar,,"Kangelaste prospekt, 21, Narva",Narva,,+37235927723723542954,,narvavikerkaar@online.ee,,http://vikerkaar.narvakultuur.ee/,59.3854985,28.1805356,OpenStreetMap,
Narva Vanalinna Lasteaed,,"Hariduse, 10, Narva",Narva,,+3723560543,,,,http://punamutsike.narvakultuur.ee,59.3812561,28.196797,OpenStreetMap,
Narva lasteaed Potsataja,,"Tallinna mnt, 50, Narva",Narva,,+3723549969,,lasteaedpotsataja@hotmail.com,,https://potsataja.edu.ee/,59.3797683,28.1686602,OpenStreetMap,
Narva lasteaed Päikene,,"Hariduse, 11, Narva",Narva,,+3723545979,,narvapaikene@hot.ee,,http://paikene64.ee,59.3801378,28.184536,OpenStreetMap,
Potsataja (№ 10),,"Tallinna mnt, 50, Narva",Narva,,,,,,,59.3799252,28.168624,OpenStreetMap,
Nõo lasteaed Krõll,,"Lasteaia, 2, Nõo alevik",Nõo alevik,,+3727455185,,,,http://www.krollipere.eu,58.2721505,26.5295653,OpenStreetMap,
PAIde Lasteaed Lillepai maja,,"Tallinna, 49, Paide",Paide,,+3726988921,,,,https://www.pailasteaed.ee/,58.8927082,25.5718872,OpenStreetMap,
Paide Sookure Lasteaed,,"Soo, 16, Paide",Paide,,+3723850770,,,,https://sookure.edu.ee/,58.8924565,25.5615831,OpenStreetMap,
Paikuse Lasteaed,,"10, Paikuse alev",Paikuse alev,,,,,,,58.3746977,24.6125158,OpenStreetMap,
Pajusti Lasteaed Tõrutõnn,,"Tartu mnt, 9, Pajusti alevik",Pajusti alevik,,,,lasteaed.torutonn@vinnivald.ee,,,59.2843112,26.4134701,OpenStreetMap,
Paldiski lasteaed Naerulind,,"Rae, 34, Paldiski",Paldiski,,,,,,,59.3513954,24.0580263,OpenStreetMap,
Audru Lasteaed Vikerkaare,,"Kahva tee, 2, Papsaare küla",Papsaare küla,,,,,,,58.3953189,24.4521256,OpenStreetMap,
Pärnu Kastani Lasteaed,,"Kastani, 3, Pärnu",Pärnu,,,,,,,58.3819385,24.5276493,OpenStreetMap,
Pärnu Kesklinna Lasteaed,,"Aia, 13, Pärnu",Pärnu,,,,,,,58.3803066,24.5037174,OpenStreetMap,
Pärnu Lasteaed Mai,,"Mai, 49, Pärnu",Pärnu,,,,,,,58.3692929,24.5368828,OpenStreetMap,
Pärnu Lasteaed Pöialpoiss,,"Metsa, 17, Pärnu",Pärnu,,,,,,,58.3698213,24.543426,OpenStreetMap,
Pärnu Lasteaed Trall,,"Kiige, 9, Pärnu",Pärnu,,,,,,,58.4019092,24.5029475,OpenStreetMap,
Pärnu Liblika Lasteaed,,"Liblika, 1A, Pärnu",Pärnu,,,,,,,58.3895297,24.5319678,OpenStreetMap,
Pärnu Männipargi Lasteaed,,"Rääma, 38B, Pärnu",Pärnu,,,,,,,58.392157,24.5105321,OpenStreetMap,
Pärnu Raeküla Lasteaed,,"Järva, 2, Pärnu",Pärnu,,,,,,,58.3596919,24.566228,OpenStreetMap,
Pärnu Raja Lasteaed,,"Raja, 7, Pärnu",Pärnu,,,,,,,58.3644107,24.5466075,OpenStreetMap,
Pärnu Tammsaare Lasteaed,,"A. H. Tammsaare pst, 10b, Pärnu",Pärnu,,,,,,,58.37741,24.5044835,OpenStreetMap,
Pärnu Vana-Sauga Lasteaed - Kadri maja,,"Kadri, 23, Pärnu",Pärnu,,,,,,,58.3969864,24.4929698,OpenStreetMap,
Pärnu Vana-Sauga Lasteaed -Päikesejänku maja,,"Vana-Sauga, 21, Pärnu",Pärnu,,,,,,,58.3931961,24.4731932,OpenStreetMap,
Pärnu Ülejõe Lasteaed,,"Noorte väljak, 1, Pärnu",Pärnu,,,,,,,58.3923736,24.4923422,OpenStreetMap,
Noarootsi lasteaed,,"6, Pürksi küla",Pürksi küla,,,,,,https://nk.edu.ee/vastuvott-0,59.006314,23.517538,OpenStreetMap,
"Ramsi Lasteaed ""Taruke""",,"Keskuse tee, 3, Ramsi alevik",Ramsi alevik,,,,taruke@taruke.ee,,https://taruke.ee/,58.3066405,25.5414844,OpenStreetMap,
Rannamõisa Lasteaed,,"Merepiiga tee, 8, Rannamõisa küla",Rannamõisa küla,,,,,,https://rannamoisa.edu.ee/,59.4389763,24.5155343,OpenStreetMap,
Rapla Lasteaed Kelluke,,"Palli, 3, Rapla",Rapla,,+3724855454,,kelluke@kelluke.edu.ee,,https://www.kelluke.edu.ee/,59.0030527,24.7910696,OpenStreetMap,
Rapla Lasteaed Naksitrallid,,"Võsa, 24, Rapla",Rapla,,,,lasteaed.naksitrallid@gmail.com,,https://naksitrallid.rapla.ee/index.php?option=com_content&view=article&id=39&Itemid=14,58.9939221,24.8184444,OpenStreetMap,
PAIde lasteaed Helliku õppekoht,,"Nooruse, 3, Roosna-Alliku",Roosna-Alliku,,,,,,,59.0280589,25.709629,OpenStreetMap,
Jänesselja Lasteaed,,"Jänesselja, 10, Sauga alevik",Sauga alevik,,,,,,,58.4289569,24.4943005,OpenStreetMap,
Sindi Lasteaed,,"Kooli, 2a, Sindi",Sindi,,,,,,,58.4056709,24.6538677,OpenStreetMap,
Soinaste Lasteaed Laululind,,"Kurepalu tee, 1, Soinaste küla",Soinaste küla,,,,,,,58.3319722,26.7227902,OpenStreetMap,
Suigu lasteaed,,"Lasteaia tee, 2, Suigu küla",Suigu küla,,,,,,https://www.are.edu.ee/lasteaed/,58.5279681,24.6990216,OpenStreetMap,
Tabasalu Lasteaed Tibutare,,"Lasteaia, 7, Tabasalu alevik",Tabasalu alevik,,,,,,,59.4281627,24.5402253,OpenStreetMap,
Edu Valem Lasteaed,80148142,"Pallasti, 41, Tallinn",Tallinn,,,,info@eraharidus.ee,,https://eraharidus.ee,59.4335471,24.7963727,OpenStreetMap + teatmik.haridus.ee,teatmik_id=239
Eralasteaed Fidan,80111995,,Tallinn,Harjumaa,,,,,https://www.fidan.ee,,,teatmik.haridus.ee,teatmik_id=127
Eralasteaed MTÜ MA RAY,80143133,,Tallinn,Harjumaa,,,,,https://www.montessoricentre.eu,,,teatmik.haridus.ee,teatmik_id=128
Kaarli lasteaed,,"Toompuiestee, 4, Tallinn",Tallinn,,,,,,https://www.kaarlikool.ee/lasteaed/,59.4323741,24.7373895,OpenStreetMap,
Kadrioru Lasteaed,,"Lydia Koidula, 20a, Tallinn",Tallinn,,+3726013168,,kadrioru@la.tln.edu.ee,,https://www.tallinn.ee/kadrioru-lasteaed/,59.4372713,24.7813106,OpenStreetMap,
Kalamaja Lasteaed,75017432,"Vana-Kalamaja, 28a, Tallinn",Tallinn,,+3726413656,+3726413656,kalamaja@kalamaja.edu.ee,,https://www.tallinn.ee/kalamaja-lasteaed,59.4462263,24.7400173,OpenStreetMap + teatmik.haridus.ee,teatmik_id=76
Kolde Lasteaed,75017449,"Timuti, 24, Tallinn",Tallinn,,+3726738778,+3726738778,kolde@kolde.edu.ee,,https://www.kolde.edu.ee,59.4405742,24.7137406,OpenStreetMap + teatmik.haridus.ee,teatmik_id=79
Kopli Lasteaed,75017455,"Kopli, 104, Tallinn",Tallinn,,,,info@kopli.edu.ee,,https://www.tallinn.ee/et/koplilasteaed,59.4570707,24.6792036,OpenStreetMap + teatmik.haridus.ee,teatmik_id=80
Lapserõõm,,"Jõeküla tee, 14, Tallinn",Tallinn,,,,,,,59.4407157,24.5908321,OpenStreetMap,
Lasteaed Kajakas,75017461,"Madala, 13, Tallinn",Tallinn,,+3726615553,+3726615553,direktor@kajakas.edu.ee,direktor@kajakas.edu.ee,http://www.tallinn.ee/est/lasteaed-kajakas/,59.4475942,24.6887807,OpenStreetMap + teatmik.haridus.ee,teatmik_id=84
Lasteaed Kelluke,75017478,"Uus-Kalamaja, 6, Tallinn",Tallinn,,+3726413288,+3726413288,kellukese@kellukese.edu.ee,direktor@kellukese.edu.ee,https://www.tallinn.ee/kelluke/,59.44763,24.7360861,OpenStreetMap + teatmik.haridus.ee,teatmik_id=86
Lasteaed Maasikas,75017484,"Vasara, 18, Tallinn",Tallinn,,+3726628787,+3726628787,maasikas@maasikas.edu.ee,direktor@maasikas.edu.ee,http://www.tallinn.ee/est/maasikas/,59.4542352,24.6780389,OpenStreetMap + teatmik.haridus.ee,teatmik_id=89
Lasteaed Mesipuu,75017840,,Tallinn,Harjumaa,+3726217080,+3726217080,mesipuu@mesipuu.edu.ee,direktor@mesipuu.edu.ee,https://www.tallinn.ee/est/mesipuu/,,,teatmik.haridus.ee,teatmik_id=90
Lasteaed Naeratus,75017863,"Niidi põik, 4, Tallinn",Tallinn,,+3723046910,+3723046910,direktor@naeratus.edu.ee,direktor@naeratus.edu.ee,https://www.tallinn.ee/et/naeratus,59.4519328,24.6963486,OpenStreetMap + teatmik.haridus.ee,teatmik_id=94
Lasteaed Ojake,75017873,"Ädala, 3, Tallinn",Tallinn,,+3726738424,+3726738424,ojake@ojake.edu.ee,,http://www.tallinn.ee/est/lasteaed-ojake/,59.4347049,24.7103568,OpenStreetMap + teatmik.haridus.ee,teatmik_id=155
Lasteaed Päikene,75017892,"Sõle, 39a, Tallinn",Tallinn,,+3723839707,+3723839707,paikene@la.tln.edu.ee,,https://www.lasteaedpaikene.ee,59.4418292,24.7017139,OpenStreetMap + teatmik.haridus.ee,teatmik_id=96
Lasteaed Pääsupesa,75017900,"Puhangu, 57, Tallinn",Tallinn,,+3726019398,+3726019398,paasupesa@paasupesa.edu.ee,,https://www.tallinn.ee/est/paasupesa/,59.4425844,24.6923975,OpenStreetMap + teatmik.haridus.ee,teatmik_id=120
Lasteaed Rukkirääk,75017917,"Rukki, 17, Tallinn",Tallinn,,+3726018295,+3726018295,rukkiraak@la.tln.edu.ee,,http://www.tallinn.ee/est/rukkiraak/,59.4444651,24.7088889,OpenStreetMap + teatmik.haridus.ee,teatmik_id=199
Lastesõim Planeedi Mudila,,"Planeedi, 16, Tallinn",Tallinn,,+3726462911,,lastesoim@planeedi.edu.ee,,https://www.tallinn.ee/planeedimudila/,59.4229083,24.7412306,OpenStreetMap,
Lastesõim Päkapikk,,"Lõime, 9, Tallinn",Tallinn,,+3726618018,,pakapikk@pakapikk.edu.ee,,https://www.pakapikk.tln.edu.ee/,59.4524425,24.6946331,OpenStreetMap,
MTÜ Ilmapuu Waldorflasteaed,80342826,,Tallinn,Harjumaa,,,,,https://www.ilmapuulasteaed.eu,,,teatmik.haridus.ee,teatmik_id=107
Merivälja Lasteaed,75017567,"Haaviku tee, 10, Tallinn",Tallinn,,+37256156691,+37257807999,merivalja@merivalja.edu.ee,,https://www.tallinn.ee/est/merivaljalasteaed/,59.4903704,24.847145,OpenStreetMap + teatmik.haridus.ee,teatmik_id=173
Pelguranna Lasteaed,75017952,"Pelguranna, 49, Tallinn",Tallinn,,+3726019088,+3726020897,direktor@pelgurannala.edu.ee,direktor@pelgurannala.edu.ee,http://www.tallinn.ee/est/pelguranna-lasteaed/,59.4452345,24.6887052,OpenStreetMap + teatmik.haridus.ee,teatmik_id=190
Pirita Kose Lasteaed,75017573,"Kose tee, 58, Tallinn",Tallinn,,+3726237833,+3726237833,direktor@piritakose.edu.ee,direktor@piritakose.edu.ee,http://www.tallinn.ee/pirita-kose-lasteaed/,59.4581054,24.8464557,OpenStreetMap + teatmik.haridus.ee,teatmik_id=174
Pirita Lasteaed,75017580,"Eduard Bornhöhe tee, 10, Tallinn",Tallinn,,+3726238783,+3726238783,pirita@piritalasteaed.ee,,https://www.tallinn.ee/pirita-lasteaed/,59.471636,24.8409958,OpenStreetMap + teatmik.haridus.ee,teatmik_id=180
Rõõmutarekese Lasteaed,75018093,"Toom-Kuninga, 13a, Tallinn",Tallinn,,+3726621377,+3723919171,roomutarekese@roomu.edu.ee,,https://www.tallinn.ee/et/roomutareke,59.4281182,24.7370212,OpenStreetMap + teatmik.haridus.ee,teatmik_id=201
SA Püha Miikaeli Kolleegiumi lasteaed Aiake,90008761,,Tallinn,Harjumaa,,,,,https://www.aiake.edu.ee,,,teatmik.haridus.ee,teatmik_id=179
Sitsi Lasteaed,75017969,"Vihuri, 3, Tallinn",Tallinn,,+3726019638,+3726019638,sitsi@sitsi.edu.ee,direktor@sitsi.edu.ee,https://www.tallinn.ee/est/sitsi-lasteaed/,59.4461869,24.6964115,OpenStreetMap + teatmik.haridus.ee,teatmik_id=231
Taime Lasteaed,75017975,"Taime, 27, Tallinn",Tallinn,,+3726020279,+3726020279,direktor@taime.edu.ee,direktor@taime.edu.ee,https://www.tallinn.ee/et/taime,59.4427118,24.7096742,OpenStreetMap + teatmik.haridus.ee,teatmik_id=223
Tallinna Allika Lasteaed,75019000,"Juhan Sütiste tee, 7, Tallinn",Tallinn,,+3726521340,+3726521340,allika@allika.edu.ee,direktor@allika.edu.ee,https://www.tallinn.ee/est/allika/,59.400291,24.6988692,OpenStreetMap + teatmik.haridus.ee,teatmik_id=209
Tallinna Arbu Lasteaed,75016993,"Arbu, 15, Tallinn",Tallinn,,+3726350392,+3726350392,arbu@arbu.edu.ee,,http://www.tallinn.ee/arbu/,59.4426556,24.8431366,OpenStreetMap + teatmik.haridus.ee,teatmik_id=122
Tallinna Asunduse Lasteaed,75017001,"Pallasti, 19, Tallinn",Tallinn,,+3726211539,+3726211539,info@asunduse.edu.ee,,http://www.tallinn.ee/asunduselasteaed/,59.4298326,24.7900088,OpenStreetMap + teatmik.haridus.ee,teatmik_id=72
Tallinna Endla Lasteaed,75018236,"Endla, 21, Tallinn",Tallinn,,+3723485571,+3723485571,endla@endla.edu.ee,,https://www.tallinn.ee/et/endla,59.4285215,24.7328073,OpenStreetMap + teatmik.haridus.ee,teatmik_id=196
Tallinna Haraka Lasteaed,75016556,"Haraka, 7a, Tallinn",Tallinn,,+3726557062,+3726557062,haraka@haraka.edu.ee,,https://www.tallinn.ee/haraka,59.409188,24.7268159,OpenStreetMap + teatmik.haridus.ee,teatmik_id=74
Tallinna Jaan Poska Lasteaed,75018058,"Jakob Pärna, 2, Tallinn",Tallinn,,+3726009950,+3726009950,poska@poska.edu.ee,,http://poskalasteaed.weebly.com/,59.4325978,24.7734641,OpenStreetMap + teatmik.haridus.ee,teatmik_id=102
Tallinna Järveotsa Lasteaed,75019141,"Järveotsa tee, 15, Tallinn",Tallinn,,+3725109354,+3726571450,jarveotsala@jarveotsala.edu.ee,,http://www.tallinn.ee/jarveotsa-lasteaed/,59.4094837,24.6358709,OpenStreetMap + teatmik.haridus.ee,teatmik_id=111
Tallinna Kadaka Lasteaed,75018934,"Akadeemia tee, 66, Tallinn",Tallinn,,+3726158975,+3723814151,kadaka@kadaka.edu.ee,,https://www.tallinn.ee/est/kadaka/,59.4037903,24.6587703,OpenStreetMap + teatmik.haridus.ee,teatmik_id=110
Tallinna Kannikese Lasteaed,75016579,"Kannikese, 13, Tallinn",Tallinn,,+3726608021,+3726608021,kannike@kannike.edu.ee,,http://www.kannikese.ee/,59.4285247,24.7163154,OpenStreetMap + teatmik.haridus.ee,teatmik_id=115
Tallinna Kelmiküla Lasteaed,75034904,"Tehnika, 23, Tallinn",Tallinn,,+3721919108,+3726646070,direktor@kelmikyla.ee,direktor@kelmikyla.ee,https://www.tallinn.ee/kelmikyla/,59.4353514,24.7269091,OpenStreetMap + teatmik.haridus.ee,teatmik_id=134
Tallinna Kihnu Lasteaed,75038457,"Kihnu, 1, Tallinn",Tallinn,,+3726701969,+3726701969,kihnu@kihnula.edu.ee,direktor@kihnula.edu.ee,http://www.tallinn.ee/kihnu-lasteaed/,59.4528402,24.8648859,OpenStreetMap + teatmik.haridus.ee,teatmik_id=147
Tallinna Kiisa Lasteaed,75018213,"Kiisa, 6, Tallinn",Tallinn,,+3727872295,+3727872295,kiisa@kiisala.edu.ee,,https://www.tallinn.ee/et/kiisalasteaed,59.4130349,24.7404299,OpenStreetMap + teatmik.haridus.ee,teatmik_id=117
Tallinna Kiisupere Lasteaed,75029725,"Gonsiori, 5, Tallinn",Tallinn,,+3725180084,+3725180084,eve.taniloo@kiisupere.edu.ee,,http://www.kiisupere.ee,59.4357395,24.7585439,OpenStreetMap + teatmik.haridus.ee,teatmik_id=191
Tallinna Kiisupere Lasteaed (Peahoone),,"Gonsiori, 3, Tallinn",Tallinn,,+3726601244,,direktor@kiisupere.ee,,https://www.tallinn.ee/kiisupere/,59.43581,24.7582972,OpenStreetMap,
Tallinna Kivila Lasteaed,75017030,"Kivila, 19, Tallinn",Tallinn,,+3726218843,+3726218843,kivila@kivila.edu.ee,,https://www.tallinn.ee/et/kivila,59.4462961,24.8722292,OpenStreetMap + teatmik.haridus.ee,teatmik_id=78
Tallinna Kivimurru Lasteaed,75017047,"Majaka, 32, Tallinn",Tallinn,,6381598; 53071872,6381598; 53071872,kivimurru@kivimurru.edu.ee,,https://www.tallinn.ee/est/kivimurru,59.4271006,24.7911642,OpenStreetMap + teatmik.haridus.ee,teatmik_id=106
Tallinna Komeedi Lasteaed,75018360,"Komeedi, 3, Tallinn",Tallinn,,662 0647; +372 5234 663,662 0647; +372 5234 663,komeedi@komeedi.edu.ee,,https://komeedi.ee,59.4269307,24.7326334,OpenStreetMap + teatmik.haridus.ee,teatmik_id=99
Tallinna Kristiine Lasteaed,75016496,"Rästa põik, 3, Tallinn",Tallinn,,+3726552655,+3726552655,direktor@kristiinealg.edu.ee,direktor@kristiinealg.edu.ee,http://www.tallinn.ee/est/kristiine-lasteaed/,59.4171415,24.7189446,OpenStreetMap + teatmik.haridus.ee,teatmik_id=31
Tallinna Kullatera Lasteaed,75018041,,Tallinn,Harjumaa,+3723958154,+3723958154,kullatera@kullatera.edu.ee,,http://www.tallinn.ee/kullatera/,,,teatmik.haridus.ee,teatmik_id=184
Tallinna Kullerkupu Lasteaed,75016562,"Kullerkupu, 10, Tallinn",Tallinn,,+3726608023,+3726608023,kullerkupu@kullerkupu.edu.ee,,https://tallinn.ee/kullerkupu/,59.4298287,24.7151093,OpenStreetMap + teatmik.haridus.ee,teatmik_id=81
Tallinna Kuristiku Lasteaed,75017053,"Läänemere tee, 46, Tallinn",Tallinn,,+3726362741,+3726362741,kuristiku@kuristikula.edu.ee,direktor@kuristikula.edu.ee,https://www.tallinn.ee/kuristiku-lasteaed/,59.4526494,24.8802064,OpenStreetMap + teatmik.haridus.ee,teatmik_id=170
Tallinna Lasteaed Delfiin,75018495,"Juhan Sütiste tee, 4, Tallinn",Tallinn,,+3726529646,+3726521414,delfiin@delfiin.edu.ee,,https://www.tallinn.ee/est/delfiin/,59.3994032,24.6943963,OpenStreetMap + teatmik.haridus.ee,teatmik_id=49
Tallinna Lasteaed Karikakar,75019158,"Õismäe tee, 22, Tallinn",Tallinn,,+3723406130,+3723406130,karikakar@karikakar.ee,,https://www.tallinn.ee/est/karikakar/,59.4162477,24.6496829,OpenStreetMap + teatmik.haridus.ee,teatmik_id=140
Tallinna Lasteaed Kaseke,75016734,"Kaskede pst, 22, Tallinn",Tallinn,,+3726796812,+3726796812,kaseke@kaseke.edu.ee,,https://lasteaedkaseke.ee,59.355149,24.6189324,OpenStreetMap + teatmik.haridus.ee,teatmik_id=85
Tallinna Lasteaed Kiikhobu,75019017,"A. H. Tammsaare tee, 95, Tallinn",Tallinn,,+3721987232,+3725299344,katrin.rasina@kiikhobu.ee,direktor@kiikhobu.ee,http://www.kiikhobu.ee,59.4056905,24.6886588,OpenStreetMap + teatmik.haridus.ee,teatmik_id=77
Tallinna Lasteaed Kikas,75019023,"Sõpruse pst, 234, Tallinn",Tallinn,,+3726545167,+3726545167,kikas@kikas.edu.ee,,https://www.kikas.tln.edu.ee,59.4010693,24.6867924,OpenStreetMap + teatmik.haridus.ee,teatmik_id=87
Tallinna Lasteaed Kirsike,75016958,"Paekaare, 76, Tallinn",Tallinn,,+3725523315,+3725523315,kirsike@kirsike.edu.ee,,http://www.tallinn.ee/est/kirsike,59.4345549,24.8274993,OpenStreetMap + teatmik.haridus.ee,teatmik_id=55
Tallinna Lasteaed Kraavikrõll,75016740,"Kraavi, 10, Tallinn",Tallinn,,+3726559665,+3726559665,kraavikroll@kraavila.edu.ee,,https://kraavikroll.haridus.ee,59.3746714,24.7140683,OpenStreetMap + teatmik.haridus.ee,teatmik_id=88
Tallinna Lasteaed Laagna Rukkilill,75017067,"Vilisuu, 5, Tallinn",Tallinn,,+3726324055,+3726324055,direktor@rukkilill.edu.ee,direktor@rukkilill.edu.ee,http://www.tallinn.ee/lasteaed-laagna-rukkilill,59.4380324,24.8445698,OpenStreetMap + teatmik.haridus.ee,teatmik_id=82
Tallinna Lasteaed Mooniõied,75019035,"Kiili, 6, Tallinn",Tallinn,,+3724490479,+3724490479,direktor@moonioied.edu.ee,direktor@moonioied.edu.ee,https://www.tallinn.ee/moonioied,59.4106744,24.6973659,OpenStreetMap + teatmik.haridus.ee,teatmik_id=91
Tallinna Lasteaed Mudila,75017857,"Niine põik, 5, Tallinn",Tallinn,,+3726414615,+3726414315,mudila@mudila.edu.ee,,http://www.tallinn.ee/lasteaed-mudila,59.4447115,24.739517,OpenStreetMap + teatmik.haridus.ee,teatmik_id=92
Tallinna Lasteaed Männimudila,75016763,"Saha, 19, Tallinn",Tallinn,,+3726777518,+3726777518,mannimudila@mannila.edu.ee,,https://www.mannimudila.ee,59.3694957,24.6476714,OpenStreetMap + teatmik.haridus.ee,teatmik_id=93
Tallinna Lasteaed Nõmmekannike,75016770,"Vabaduse pst, 135a, Tallinn",Tallinn,,+3726514766,+3726514765,direktor@nommekannike.edu.ee,direktor@nommekannike.edu.ee,http://www.tallinn.ee/est/nommekannike/,59.3737187,24.6701284,OpenStreetMap + teatmik.haridus.ee,teatmik_id=95
Tallinna Lasteaed Pallipõnn,75019046,"Akadeemia tee, 50, Tallinn",Tallinn,,+3726532445,+3726587297,palliponn@palliponn.edu.ee,,https://www.palliponn.edu.ee,59.4007821,24.6632761,OpenStreetMap + teatmik.haridus.ee,teatmik_id=124
Tallinna Lasteaed Pääsusilm,75019164,"Järveotsa tee, 51, Tallinn",Tallinn,,+3726594491,+3726594491,paasusilm@paasusilm.edu.ee,,http://www.tallinn.ee/lasteaed-paasusilm/,59.408445,24.645743,OpenStreetMap + teatmik.haridus.ee,teatmik_id=164
Tallinna Lasteaed Rabarüblik,75016786,"Raba, 10, Tallinn",Tallinn,,+3723246467,+3723246467,rabaryblik@rabaryblik.ee,,http://www.rabaryblik.ee/,59.3669046,24.6408033,OpenStreetMap + teatmik.haridus.ee,teatmik_id=109
Tallinna Lasteaed Sinilill,75019170,"Järveotsa tee, 49, Tallinn",Tallinn,,"659 46 56, 5346 4448","659 46 56, 5346 4448",sinilill@sinilill.edu.ee,,https://www.tallinn.ee/est/sinilill/,59.4088567,24.643783,OpenStreetMap + teatmik.haridus.ee,teatmik_id=185
Tallinna Lasteaed Sinilind,75019052,"A. H. Tammsaare tee, 115, Tallinn",Tallinn,,+3726536257,+3726536257,direktor@sinilind.edu.ee,direktor@sinilind.edu.ee,https://www.tallinn.ee/et/lasteaed-sinilind,59.4081162,24.6804258,OpenStreetMap + teatmik.haridus.ee,teatmik_id=130
Tallinna Lasteaed Sipsik,75030622,"Peeter Süda, 6, Tallinn",Tallinn,,+3726481753,+3726481752,info@sipsik.edu.ee,,https://www.tallinn.ee/lasteaed-sipsik,59.4289899,24.7457015,OpenStreetMap + teatmik.haridus.ee,teatmik_id=195
Tallinna Lasteaed Südameke,75018101,"Pärnu mnt, 109a, Tallinn",Tallinn,,+3721933567,+3721933567,sydameke@sydameke.edu.ee,,https://www.tallinn.ee/sudameke,59.4156925,24.7419865,OpenStreetMap + teatmik.haridus.ee,teatmik_id=206
Tallinna Lasteaed Vesiroos,75018911,"Juhan Sütiste tee, 8, Tallinn",Tallinn,,+3726521641,+3726521641,vesiroos@lavesiroos.ee,,http://www.lavesiroos.ee,59.3984611,24.6953851,OpenStreetMap + teatmik.haridus.ee,teatmik_id=145
Tallinna Lasteaed Vikerkaar,75019187,"Õismäe tee, 110, Tallinn",Tallinn,,+3726570838,+3723489903,vikerkaar@vikerkaar.edu.ee,direktor@vikerkaar.edu.ee,http://www.tallinn.ee/vikerkaar/,59.4160816,24.6435454,OpenStreetMap + teatmik.haridus.ee,teatmik_id=186
Tallinna Lasteaed Õunake,75018986,"Ehitajate tee, 23, Tallinn",Tallinn,,+3726702484,+3726702484,ounake@ounake.edu.ee,,http://www.tallinn.ee/lasteaed-ounake,59.3992277,24.6679114,OpenStreetMap + teatmik.haridus.ee,teatmik_id=237
Tallinna Lastesõim Hellik,,"Vabaduse pst, 38a, Tallinn",Tallinn,,+3726723138,,hellik@la.tln.edu.ee,,https://www.tallinn.ee/hellik/,59.3844871,24.7081053,OpenStreetMap,
Tallinna Lastesõim Mõmmik,,"Metsa, 38, Tallinn",Tallinn,,+3726701612,,info@mommik.edu.ee,,https://www.tallinn.ee/mommik,59.3810041,24.6808543,OpenStreetMap,
Tallinna Lauliku Lasteaed,75032940,"Kivimäe, 17, Tallinn",Tallinn,,+3726520561,+3726520561,lauliku@lauliku.ee,direktor@lauliku.ee,https://www.tallinn.ee/est/lauliku/,59.3795446,24.6523191,OpenStreetMap + teatmik.haridus.ee,teatmik_id=116
Tallinna Lehola Lasteaed,75018940,"Mustamäe tee, 187, Tallinn",Tallinn,,+3726732098,+3726732098,direktor@lehola.edu.ee,direktor@lehola.edu.ee,https://www.tallinn.ee/et/lehola,59.4023691,24.6820057,OpenStreetMap + teatmik.haridus.ee,teatmik_id=168
Tallinna Lepatriinu Lasteaed,75016585,,Tallinn,Harjumaa,+3725115321,+3725115321,,,https://tallinn.ee/lepatriinu/,,,teatmik.haridus.ee,teatmik_id=236
Tallinna Lepistiku Lasteaed,75018472,"Retke tee, 4, Tallinn",Tallinn,,+3726522956,+3726522956,lepistiku@lepistiku.edu.ee,direktor@lepistiku.edu.ee,https://www.tallinn.ee/est/lepistiku/,59.4028638,24.7044757,OpenStreetMap + teatmik.haridus.ee,teatmik_id=39
Tallinna Liikuri Lasteaed,75017076,"Liikuri, 9, Tallinn",Tallinn,,+3726352467,+3726352467,direktor@liikuri.edu.ee,direktor@liikuri.edu.ee,https://www.tallinn.ee/est/liikuri/,59.440741,24.8179523,OpenStreetMap + teatmik.haridus.ee,teatmik_id=149
Tallinna Liivaku Lasteaed,75019069,"Juhan Sütiste tee, 56, Tallinn",Tallinn,,+3723411644,+3725173920,liivaku@liivaku.edu.ee,direktor@liivaku.edu.ee,http://www.tallinn.ee/liivaku-lasteaed,59.3965044,24.6848046,OpenStreetMap + teatmik.haridus.ee,teatmik_id=232
Tallinna Liivalossi Lasteaed,75018302,"Liivalaia, 30, Tallinn",Tallinn,,+37258873499,+37258873499,liivalossi@liivalossi.edu.ee,direktor@liivalossi.edu.ee,https://www.tallinn.ee/et/liivalossi,59.4281926,24.7548822,OpenStreetMap + teatmik.haridus.ee,teatmik_id=139
Tallinna Liivamäe Lasteaed,75018390,"Juhkentali, 25, Tallinn",Tallinn,,+3726606142,+3726606142,liivamae@liivamae.edu.ee,,https://www.liivamae.edu.ee,59.4278761,24.7678467,OpenStreetMap + teatmik.haridus.ee,teatmik_id=224
Tallinna Lille Lasteaed,75016591,"Keemia, 5a, Tallinn",Tallinn,,+3726567371,+3726567371,lille@lille.edu.ee,,https://www.tallinn.ee/lille/,59.4271854,24.7098799,OpenStreetMap + teatmik.haridus.ee,teatmik_id=151
Tallinna Lindakivi Lasteaed,75017082,"Jaan Koorti, 5, Tallinn",Tallinn,,+3726327694,+3726327694,lindakivi@lindakivi.edu.ee,,https://www.tallinn.ee/lindakivilasteaed/,59.4418853,24.8290391,OpenStreetMap + teatmik.haridus.ee,teatmik_id=150
Tallinna Linnamäe Lasteaed,75017099,"Linnamäe tee, 4, Tallinn",Tallinn,,+3726372984,"6372 984, 51 903 848",direktor@linnamae.edu.ee,direktor@linnamae.edu.ee,https://www.tallinn.ee/linnamae,59.4487762,24.8683847,OpenStreetMap + teatmik.haridus.ee,teatmik_id=126
Tallinna Linnupesa Lasteaed,75016605,"Lagle pst, 3, Tallinn",Tallinn,,+3726552809,+3726552700,linnupesa@linnupesa.edu.ee,,https://www.tallinn.ee/et/linnupesa,59.4182229,24.7267109,OpenStreetMap + teatmik.haridus.ee,teatmik_id=129
Tallinna Loitsu Lasteaed,75017107,,Tallinn,Harjumaa,+37253033141,+37258840351,direktor@loitsu.edu.ee,direktor@loitsu.edu.ee,https://www.tallinn.ee/loitsu-lasteaed,,,teatmik.haridus.ee,teatmik_id=148
Tallinna Lotte Lasteaed,77000074,"Lydia Koidula, 23, Tallinn",Tallinn,,+3725518100,+3725518100,direktor@lotte.edu.ee,direktor@lotte.edu.ee,http://www.tallinn.ee/est/lotte-lasteaed/,59.4353682,24.7914058,OpenStreetMap + teatmik.haridus.ee,teatmik_id=113
Tallinna Luha Lasteaed,75018354,"Luha, 29, Tallinn",Tallinn,,+3726450619,+3723433432,luha@luhala.edu.ee,,https://www.tallinn.ee/luha-lasteaed,59.4244171,24.7382444,OpenStreetMap + teatmik.haridus.ee,teatmik_id=98
Tallinna Läänemere Lasteaed,75017113,"Läänemere tee, 56, Tallinn",Tallinn,,+3729199797,+3729199797,laanemere@laanemere.edu.ee,,http://www.tallinn.ee/laanemere-lasteaed/,59.4524927,24.8825955,OpenStreetMap + teatmik.haridus.ee,teatmik_id=169
Tallinna Magdaleena Lasteaed,75017722,"Asula, 16c, Tallinn",Tallinn,,+3725136088,+3725136088,info@magda.edu.ee,,http://www.tallinn.ee/magdaleena-lasteaed/,59.4157924,24.734378,OpenStreetMap + teatmik.haridus.ee,teatmik_id=43
Tallinna Mahtra Lasteaed,75017121,"Mahtra, 19, Tallinn",Tallinn,,+3726218214,+3726218214,mahtrala@mahtrala.edu.ee,direktor@mahtrala.edu.ee,https://www.tallinn.ee/mahtra-lasteaed,59.4400847,24.8760797,OpenStreetMap + teatmik.haridus.ee,teatmik_id=121
Tallinna Mardi Lasteaed,75029731,"Mardi, 5, Tallinn",Tallinn,,+3726607656,+3726607656,mardi@mardila.edu.ee,,http://www.tallinn.ee/mardi-lasteaed,59.4307336,24.7632921,OpenStreetMap + teatmik.haridus.ee,teatmik_id=135
Tallinna Meelespea Lasteaed,75019193,"Õismäe tee, 92, Tallinn",Tallinn,,+3725037805,+3725037805,meelespea@meelespea.edu.ee,,https://www.tallinn.ee/et/meelespea,59.4151243,24.6434323,OpenStreetMap + teatmik.haridus.ee,teatmik_id=208
Tallinna Mesimummu Lasteaed,,"Tartu mnt, 57, Tallinn",Tallinn,,+3726376509,,katlin.tanin@mesimummu.edu.ee,,https://www.tallinn.ee/mesimummu/,59.4311321,24.7725262,OpenStreetMap,
Tallinna Muhu Lasteaed,75017142,"Linnamäe tee, 6, Tallinn",Tallinn,,+3726370294,+3726370294,muhu@muhula.edu.ee,,https://tallinn.ee/muhu,59.4491934,24.8705021,OpenStreetMap + teatmik.haridus.ee,teatmik_id=114
Tallinna Muinasjutu Lasteaed,75016540,"Energia, 11, Tallinn",Tallinn,,+3726561181,+3726561181,direktor@muinasjutu.edu.ee,direktor@muinasjutu.edu.ee,https://www.tallinn.ee/et/muinasjutu,59.3969087,24.714049,OpenStreetMap + teatmik.haridus.ee,teatmik_id=136
Tallinna Mustakivi Lasteaed,75017159,"Kivila, 9, Tallinn",Tallinn,,+3726345836,+3726345892,mustakivi@mustakivila.edu.ee,,https://www.tallinn.ee/est/mustakivi/,59.4460253,24.8708199,OpenStreetMap + teatmik.haridus.ee,teatmik_id=119
Tallinna Mutionu Lasteaed,75016616,"Mehaanika, 17, Tallinn",Tallinn,,6 727 802; 52 52 095,6 727 802; 52 52 095,direktor@mutionu.edu.ee,direktor@mutionu.edu.ee,https://www.tallinn.ee/et/mutionu,59.425934,24.7035681,OpenStreetMap + teatmik.haridus.ee,teatmik_id=152
Tallinna Männi Lasteaed,75019075,"Eduard Vilde tee, 103, Tallinn",Tallinn,,+3726245698,+3726536361,manni@manni.edu.ee,,http://www.tallinn.ee/manni-lasteaed/,59.4036562,24.6747152,OpenStreetMap + teatmik.haridus.ee,teatmik_id=192
Tallinna Männiku Lasteaed,75017509,"Kraavi, 4, Tallinn",Tallinn,,+3726585785,+3726585784,direktor@manniku.edu.ee,direktor@manniku.edu.ee,https://www.tallinn.ee/manniku-lasteaed,59.3765208,24.7150254,OpenStreetMap + teatmik.haridus.ee,teatmik_id=230
Tallinna Männikäbi Lasteaed,75019098,"Kadaka tee, 155, Tallinn",Tallinn,,+3726775663,+3726775605,mannikabi@mannikabi.edu.ee,direktor@mannikabi.edu.ee,https://www.tallinn.ee/est/mannikabi-lasteaed/,59.4061906,24.6630616,OpenStreetMap + teatmik.haridus.ee,teatmik_id=133
Tallinna Mürakaru Lasteaed,75018288,"Vase, 5, Tallinn",Tallinn,,+3723090902,+3726947824,direktor@myrakaru.edu.ee,direktor@myrakaru.edu.ee,https://www.tallinn.ee/murakaru,59.4360397,24.7734083,OpenStreetMap + teatmik.haridus.ee,teatmik_id=221
Tallinna Mürakaru Lasteaed (peahoone),,"Villem Reimani, 3, Tallinn",Tallinn,,+37253090902,,direktor@myrakaru.edu.ee,,https://www.tallinn.ee/murakaru,59.4364935,24.762887,OpenStreetMap,
Tallinna Nurmenuku Lasteaed,75019201,"Õismäe tee, 26, Tallinn",Tallinn,,+3725169415,+3725169415,nurmenuku@nurme.edu.ee,,https://www.tallinn.ee/est/nurmenuku-lasteaed/,59.4145556,24.6500516,OpenStreetMap + teatmik.haridus.ee,teatmik_id=143
Tallinna Padriku Lasteaed,75035453,"Padriku tee, 10, Tallinn",Tallinn,,+3723540391,+3723490822,padriku@padriku.edu.ee,,https://www.tallinn.ee/padriku,59.4827574,24.8540193,OpenStreetMap + teatmik.haridus.ee,teatmik_id=171
Tallinna Pae Lasteaed,75017194,"Pae, 50a, Tallinn",Tallinn,,+3725523315,+3725523315,pae@pae.edu.ee,,http://www.tallinn.ee/pae,59.4339515,24.8157784,OpenStreetMap + teatmik.haridus.ee,teatmik_id=228
Tallinna Paekaare Lasteaed,75017165,"Pae, 51, Tallinn",Tallinn,,+3725064675,+3726333137,paekaarela@paekaarela.edu.ee,,http://www.tallinn.ee/est/paekaare-lasteaed/,59.4368752,24.8176631,OpenStreetMap + teatmik.haridus.ee,teatmik_id=103
Tallinna Pallasti Lasteaed,75017171,"Pallasti, 39, Tallinn",Tallinn,,+3726210780,+3726704464,pallasti@pallasti.edu.ee,,https://www.tallinn.ee/pallasti-lasteaed/,59.432834,24.7948185,OpenStreetMap + teatmik.haridus.ee,teatmik_id=182
Tallinna Priisle Lasteaed,75017188,"Kristjan Kärberi, 31, Tallinn",Tallinn,,+3726355045,+3726356810,direktor@priisle.edu.ee,direktor@priisle.edu.ee,https://tallinn.ee/et/priislelasteaed,59.4478062,24.8888387,OpenStreetMap + teatmik.haridus.ee,teatmik_id=197
Tallinna Päevalille Lasteaed,75018147,"Raua, 53, Tallinn",Tallinn,,+3726485996,+3726485996,paevalille@la.tln.edu.ee,,https://www.paevalillela.edu.ee,59.4375015,24.7718098,OpenStreetMap + teatmik.haridus.ee,teatmik_id=125
Tallinna Päikesejänku Lasteaed,75018319,"Invaliidi, 5, Tallinn",Tallinn,,+3725646449,+3725074589,paikesejanku@janku.edu.ee,,http://www.tallinn.ee/est/paikesejanku-lasteaed/,59.4253582,24.7511425,OpenStreetMap + teatmik.haridus.ee,teatmik_id=217
Tallinna Raadiku Lasteaed,75017202,"Mahtra, 13, Tallinn",Tallinn,,+3726345849,+3726345565,raadiku@raadiku.edu.ee,direktor@raadiku.edu.ee,http://www.tallinn.ee/raadiku-lasteaed,59.4409861,24.8753673,OpenStreetMap + teatmik.haridus.ee,teatmik_id=212
Tallinna Raku Lasteaed,75017521,"Piibri, 12, Tallinn",Tallinn,,+3726705103,+3726705103,raku@raku.edu.ee,,https://www.tallinn.ee/raku-lasteaed,59.3754683,24.742595,OpenStreetMap + teatmik.haridus.ee,teatmik_id=200
Tallinna Rännaku Lasteaed,75035720,"Rännaku pst, 28, Tallinn",Tallinn,,+3726510090,+3726510090,pille.siimpoeg@rannaku.ee,,http://www.rannaku.ee,59.3657257,24.6478415,OpenStreetMap + teatmik.haridus.ee,teatmik_id=175
Tallinna Rõõmupesa Lasteaed,75019106,"A. H. Tammsaare tee, 141, Tallinn",Tallinn,,+3726536254,+3726536254,roomupesa@rp.edu.ee,,https://www.roomupesa.tln.edu.ee/,59.4081788,24.6726397,OpenStreetMap + teatmik.haridus.ee,teatmik_id=138
Tallinna Seli Lasteaed,75017219,"Kristjan Kärberi, 29, Tallinn",Tallinn,,+3726356970,+3726356970,seli@seli.edu.ee,direktor@seli.edu.ee,https://www.tallinn.ee/seli,59.4474353,24.8869236,OpenStreetMap + teatmik.haridus.ee,teatmik_id=227
Tallinna Sikupilli Lasteaed,75017225,"Kivimurru, 3a, Tallinn",Tallinn,,+3726215433,+3726215433,sikupilli@sikupilli.edu.ee,,https://sikupillilasteaed.ee/,59.4289232,24.785056,OpenStreetMap + teatmik.haridus.ee,teatmik_id=101
Tallinna Suitsupääsupesa Lasteaed,75018377,"Suitsu põik, 4, Tallinn",Tallinn,,+3725246346,+3725246346,rahvuslind@rahvuslind.edu.ee,,https://www.suitsupaasupesa.ee,59.4118169,24.7494346,OpenStreetMap + teatmik.haridus.ee,teatmik_id=144
Tallinna Suur-Pae Lasteaed,75017231,"Punane, 29, Tallinn",Tallinn,,+3725043583,+3725662849,suurpae@suurpae.edu.ee,,http://www.tallinn.ee/est/suur-pae-lasteaed/,59.4341789,24.8220675,OpenStreetMap + teatmik.haridus.ee,teatmik_id=132
Tallinna Sõbrakese Lasteaed,75018977,"Kiili, 7, Tallinn",Tallinn,,6520394; 55967629,6520394; 55967629,direktor@sobrakese.edu.ee,direktor@sobrakese.edu.ee,https://www.tallinn.ee/sobrakese/,59.4102331,24.6986805,OpenStreetMap + teatmik.haridus.ee,teatmik_id=183
Tallinna Tammetõru Lasteaed,75018489,"A. H. Tammsaare tee, 79, Tallinn",Tallinn,,+3726523776,6523 777 5390 7795,direktor@tammetoru.edu.ee,direktor@tammetoru.edu.ee,http://www.tallinn.ee/tammetoru/,59.4049779,24.6954199,OpenStreetMap + teatmik.haridus.ee,teatmik_id=48
Tallinna Tihase Lasteaed,75016622,"Nõmme tee, 9, Tallinn",Tallinn,,+3726513370,+3726513370,tihase@tihase.edu.ee,,http://www.tallinn.ee/tihase-lasteaed,59.4205953,24.7241205,OpenStreetMap + teatmik.haridus.ee,teatmik_id=235
Tallinna Tuule Lasteaed,75016800,"Paekaare, 38, Tallinn",Tallinn,,+3726333201,+3726333201,direktor@tuule.edu.ee,direktor@tuule.edu.ee,https://www.tallinn.ee/tuule,59.4370714,24.8251556,OpenStreetMap + teatmik.haridus.ee,teatmik_id=38
Tallinna Tähekese Lasteaed,75018928,"Ehitajate tee, 50, Tallinn",Tallinn,,+3727867845,+3728668631,siret.vaarpu@tahekesela.edu.ee,,https://tallinn.ee/tahekese/,59.4024117,24.6719177,OpenStreetMap + teatmik.haridus.ee,teatmik_id=123
Tallinna Unistuse Lasteaed,75018383,"Gildi, 17, Tallinn",Tallinn,,+3726376417,+3726376417,unistuse@unistuse.edu.ee,,https://www.tallinn.ee/et/unistuse-lasteaed,59.4294396,24.7692544,OpenStreetMap + teatmik.haridus.ee,teatmik_id=157
Tallinna Veerise Lasteaed,77000080,"Veerise, 1, Tallinn",Tallinn,,+3726480502,+3726480602,direktor@veerise.edu.ee,direktor@veerise.edu.ee,https://www.tallinn.ee/est/veerise/,59.4440173,24.6034816,OpenStreetMap + teatmik.haridus.ee,teatmik_id=104
Tallinna Vindi Lasteaed,75016527,"Vindi, 3, Tallinn",Tallinn,,+3726553665,+3726553670,vindi@vindi.edu.ee,,https://www.tallinn.ee/et/vindi,59.4195814,24.7264134,OpenStreetMap + teatmik.haridus.ee,teatmik_id=65
Tallinna Virmalise Lasteaed,75018271,"Virmalise, 24, Tallinn",Tallinn,,+3723285361,+3723285361,direktor@virmalise.edu.ee,direktor@virmalise.edu.ee,https://www.tallinn.ee/virmalise-lasteaed,59.4235527,24.7382152,OpenStreetMap + teatmik.haridus.ee,teatmik_id=229
Tallinna Vormsi Lasteaed,75017248,"Vormsi, 1, Tallinn",Tallinn,,+3726371093,+3725267190,vormsila@vormsila.edu.ee,direktor@vormsila.edu.ee,http://www.tallinn.ee/vormsi-lasteaed/,59.4530786,24.8672885,OpenStreetMap + teatmik.haridus.ee,teatmik_id=210
Tallinna Ülemiste Lasteaed,,"Peterburi tee, 18, Tallinn",Tallinn,,+3726210078,,ylemiste@la.tln.edu.ee,,http://ulemiste.edu.ee/,59.4249971,24.8021233,OpenStreetMap,
Tallinna Ümera Lasteaed,75017260,"Ümera, 9, Tallinn",Tallinn,,+3726357533,+3726356806,ymera@ymera.edu.ee,,https://www.tallinn.ee/umera-lasteaed,59.4426833,24.8920835,OpenStreetMap + teatmik.haridus.ee,teatmik_id=211
Tammiste Lasteaed-Algkool,,"Kellukese tee, 5, Tammiste küla",Tammiste küla,,,,,,https://www.tammistekool.ee,58.3929146,24.6049259,OpenStreetMap,
Tapa Lasteaed Pisipõnn,,"Nooruse, 11, Tapa",Tapa,,,,lasteaed@pisiponn.ee,,http://www.pisiponn.ee,59.2589431,25.9633895,OpenStreetMap,
Sookure lasteaia Tarbja Pääsupesa õppekoht,,"Kooli tee, 1, Tarbja küla",Tarbja küla,,,,,,,58.9289435,25.5895,OpenStreetMap,
Lasteaed Väike Pauline,,"Jakobi, 45, Tartu",Tartu,,,,vaikepauline@gmail.com,,http://vaikepauline.edu.ee/,58.3837876,26.709963,OpenStreetMap,
Tartu Karlova Lasteaed - Sassi maja,,"Aleksandri, 10, Tartu",Tartu,,,,,,,58.3753377,26.731327,OpenStreetMap,
Tartu Katoliku Hariduskeskus,,"Oru, 3, Tartu",Tartu,,,,,,,58.381899,26.7112315,OpenStreetMap,
Tartu Lasteaed Annike,,"Anne, 9, Tartu",Tartu,,,,,,,58.3807905,26.7437186,OpenStreetMap,
Tartu Lasteaed Helika,,"Kalevi, 52a, Tartu",Tartu,,,,,,,58.370935,26.7349874,OpenStreetMap,
Tartu Lasteaed Hellik,,"Aardla, 138, Tartu",Tartu,,,,,,,58.3523646,26.6844162,OpenStreetMap,
Tartu Lasteaed Kannike,,"Ravila, 43, Tartu",Tartu,,,,,,,58.3756886,26.685857,OpenStreetMap,
Tartu Lasteaed Kelluke,,"Kaunase pst, 69, Tartu",Tartu,,,,,,,58.3766527,26.7687405,OpenStreetMap,
Tartu Lasteaed Kivike,,"Kivi, 44, Tartu",Tartu,,,,,,,58.385065,26.733037,OpenStreetMap,
Tartu Lasteaed Klaabumaa,,"Kummeli, 5, Tartu",Tartu,,,,,,,58.4006848,26.7198318,OpenStreetMap,
Tartu Lasteaed Klaabumaa Sireli maja,,"Lubja, 14, Tartu",Tartu,,,,,,,58.3932145,26.7213702,OpenStreetMap,
Tartu Lasteaed Krõll,,"Anne, 67, Tartu",Tartu,,,,,,,58.3760686,26.7605806,OpenStreetMap,
Tartu Lasteaed Lotte,,"Ida, 8, Tartu",Tartu,,,,,,,58.383639,26.7574232,OpenStreetMap,
Tartu Lasteaed Meelespea,,"Ilmatsalu, 24a, Tartu",Tartu,,,,,,,58.3761861,26.6871999,OpenStreetMap,
Tartu Lasteaed Midrimaa,,"Vanemuise, 28, Tartu",Tartu,,,,,,,58.3748251,26.720325,OpenStreetMap,
Tartu Lasteaed Mõmmik,,"Mõisavahe, 31, Tartu",Tartu,,,,,,,58.3711052,26.7777167,OpenStreetMap,
Tartu Lasteaed Naerumaa,,"Pepleri, 1a, Tartu",Tartu,,,,,,,58.3760879,26.7160383,OpenStreetMap,
Tartu Lasteaed Piilupesa,,"Ropka, 34, Tartu",Tartu,,,,,,,58.3575127,26.7293934,OpenStreetMap,
Tartu Lasteaed Poku,,"Anne, 69, Tartu",Tartu,,,,,,,58.3750744,26.7603502,OpenStreetMap,
Tartu Lasteaed Pääsupesa,,"Sõpruse pst, 12, Tartu",Tartu,,,,,,,58.3754462,26.753085,OpenStreetMap,
Tartu Lasteaed Ristikhein,,"Ropka tee, 25, Tartu",Tartu,,,,,,,58.3559369,26.7360916,OpenStreetMap,
Tartu Lasteaed Rukkilill,,"Sepa, 18, Tartu",Tartu,,,,,,,58.3506425,26.7255357,OpenStreetMap,
Tartu Lasteaed Rõõmupesa,,"Akadeemia, 2, Tartu",Tartu,,,,,,,58.374615,26.7211294,OpenStreetMap,
Tartu Lasteaed Sipsik,,"Kaunase pst, 22, Tartu",Tartu,,,,,,,58.3748097,26.7679646,OpenStreetMap,
Tartu Lasteaed Tripsik,,"Kaunase pst, 67, Tartu",Tartu,,,,,,,58.3739427,26.7696967,OpenStreetMap,
Tartu Lasteaed Tähtvere,,"A. H. Tammsaare, 10, Tartu",Tartu,,,,,,,58.3847502,26.6933722,OpenStreetMap,
Tartu Lasteaed Tõruke,,"Tamme pst, 43a, Tartu",Tartu,,,,,,,58.361419,26.7003477,OpenStreetMap,
Tartu Maarjamõisa Lasteaed,,"Ludvig Puusepa, 10, Tartu",Tartu,,,,,,,58.3724338,26.6987794,OpenStreetMap,
Tupsiku lasteaed ja lastehoid,,"Mõisavahe, 21, Tartu",Tartu,,,,,,,58.3698984,26.7746222,OpenStreetMap,
Tori Lasteaed,,"Pärnu mnt, 21, Tori alevik",Tori alevik,,,,,,,58.4789056,24.8065496,OpenStreetMap,
Tõravere lasteaed Tõruke,,"Observatooriumi, 9a, Tõravere alevik",Tõravere alevik,,+3727410392,,,,,58.2662628,26.4700719,OpenStreetMap,
"Tõrvandi Lasteaed ""Rüblik""",,"Aia, 3, Tõrvandi alevik",Tõrvandi alevik,,,,,,,58.3214834,26.7084164,OpenStreetMap,
Uulu Lasteaed,,"Pargi tee, 3, Uulu küla",Uulu küla,,,,,,,58.2789174,24.578725,OpenStreetMap,
Raadi Lasteaed Ripsik,,"Mõisatamme, 30, Vahi alevik",Vahi alevik,,,,,,,58.4025349,26.7384332,OpenStreetMap,
Vana-Võidu Lasteaed,,"Vana-Võidu pst, 4, Vana-Võidu küla",Vana-Võidu küla,,,,,,,58.3936367,25.6610221,OpenStreetMap,
Põlva valla Lasteaed Sinilind,,"Lasteaia, 2, Vastse-Kuuste alevik",Vastse-Kuuste alevik,,,,sinilind@polva.ee,,https://sinilinnuke.ee/,58.1641786,26.9332373,OpenStreetMap,
Viimsi Lasteaiad - Pärnamäe maja,,"Vikerkaare tee, 2, Viimsi alevik",Viimsi alevik,,,,,,https://viimsilasteaiad.ee/meie-lasteaed/,59.5031791,24.8446967,OpenStreetMap,
Viiratsi Lasteaed Rüblik - Nooruse maja,,"Nooruse, 3, Viiratsi",Viiratsi,,,,,,https://viiratsilasteaed.viljandivald.ee/,58.3594996,25.6380124,OpenStreetMap,
Jaani Lastemaja,,"Lossi, 35, Viljandi",Viljandi,,,,,,https://jaanilastemaja.eelk.ee/,58.365842,25.6009635,OpenStreetMap,
Viljandi Kesklinna Lasteaed - Mesimummu õppehoone,,"Posti, 20a, Viljandi",Viljandi,,,,,,,58.3653482,25.6020361,OpenStreetMap,
Viljandi Kesklinna Lasteaed - Midrimaa õppehoone,,"Tehnika, 12, Viljandi",Viljandi,,,,,,,58.3594203,25.5812698,OpenStreetMap,
Viljandi Lasteaed Krõllipesa - Krõlli õppehoone,,"Kagu, 9, Viljandi",Viljandi,,,,,,http://www.kroll.ee,58.3692719,25.5838886,OpenStreetMap,
Viljandi Lasteaed Krõllipesa - Mängupesa õppehoone,,"Riia mnt, 30, Viljandi",Viljandi,,,,,,http://www.mangupesa.ee,58.3541658,25.5819899,OpenStreetMap,
Viljandi Lasteaed Männimäe,,"Riia mnt, 93, Viljandi",Viljandi,,,,,,http://www.mannimae.ee,58.3446066,25.5833478,OpenStreetMap,
Viljandi Waldorflasteaed,,"August Maramaa pst, 6, Viljandi",Viljandi,,,,,,https://viljandiwaldorf.ee/lasteaed/,58.369659,25.6028274,OpenStreetMap,
Tahkuranna lasteaed,,"Sadama, 12, Võiste alevik",Võiste alevik,,,,,,,58.215078,24.4774763,OpenStreetMap,
Eerika Laululinnu lasteaed,,"Eerika tee, 1, Õssu küla",Õssu küla,,,,,,,58.3664791,26.6715501,OpenStreetMap,
Ülenurme lasteaed Nurmepesa,,"Lasteaia, 6, Ülenurme alevik",Ülenurme alevik,,+3727412305,,info@ylenurmelasteaed.ee,,https://nurmepesa.kambja.info/,58.3125973,26.7236421,OpenStreetMap,
